app_id,helpful,funny,date,is_recommended,hours,user_id,review_id
975370,0,0,2022-12-12,True,36.3,49625,0
304390,4,0,2017-02-17,False,11.5,2482,1
1085660,2,0,2019-11-17,True,336.5,243409,2
703080,0,0,2022-09-23,True,27.4,248701,3
526870,0,0,2021-01-10,True,7.9,22902,4
306130,0,0,2021-10-10,True,8.6,43700,5
238960,0,0,2017-11-25,True,538.8,84882,6
730,0,0,2021-11-30,False,157.5,60799,7
255710,0,0,2021-05-21,True,18.7,339767,8
289070,0,0,2020-05-26,True,397.5,435505,9
431960,0,0,2020-10-14,True,30.3,191619,10
1086940,0,0,2020-10-07,True,50.0,82522,11
1938090,0,0,2022-11-16,True,46.7,154667,12
1286830,2,0,2020-07-26,True,19.3,108923,13
1172620,0,0,2020-11-04,True,89.1,117868,14
306130,0,0,2021-05-12,True,61.1,72528,15
635260,0,0,2022-01-30,True,177.0,73645,16
1151340,0,0,2020-07-01,True,86.3,120030,17
289070,0,0,2020-05-29,True,244.1,250714,18
392160,3,0,2018-12-26,False,320.5,391681,19
570,0,0,2021-03-08,True,850.9,511153,20
1938090,0,0,2022-11-23,True,7.4,637075,21
534380,0,0,2022-10-08,True,40.6,21862,22
518790,0,0,2022-12-31,True,10.0,260093,23
236850,23,4,2021-03-20,True,5.7,113677,24
1172470,2,0,2021-05-04,True,235.1,359962,25
304390,2,0,2017-03-23,False,180.6,380424,26
42700,6,2,2019-10-19,False,5.9,415199,27
1091500,0,0,2021-02-01,True,108.8,454773,28
291550,0,0,2021-05-17,False,2.7,615436,29
1332010,0,0,2022-11-24,True,8.5,705247,30
629730,0,0,2021-02-10,True,40.3,716645,31
438100,0,0,2020-09-10,True,8.1,876085,32
294100,0,0,2022-02-19,True,367.1,1105484,33
1145360,0,0,2021-03-15,True,36.3,224797,34
431960,0,0,2020-11-13,True,11.0,236279,35
1794680,0,0,2022-11-23,True,55.8,323746,36
275850,0,0,2020-07-20,True,124.2,442600,37
284160,0,0,2020-01-26,True,197.4,457607,38
244850,0,0,2014-05-29,True,99.0,480148,39
1222140,0,0,2022-12-02,True,16.0,680552,40
359550,0,0,2021-11-21,True,166.6,732034,41
1938090,0,0,2022-11-23,True,98.7,867152,42
233860,0,0,2020-12-22,True,23.2,888843,43
252490,0,0,2020-04-22,True,0.4,1102831,44
431960,2,0,2018-12-29,True,119.3,1123130,45
394360,0,0,2020-07-11,False,0.3,874922,46
294100,2,0,2022-08-27,True,878.0,941175,47
1248130,0,0,2022-07-18,True,19.2,1050268,48
218620,2,0,2015-12-06,True,708.6,136139,49
376210,0,0,2022-05-07,True,502.3,207136,50
730,0,0,2021-11-19,True,21.4,441894,51
289070,0,0,2021-02-13,True,84.6,605898,52
526870,0,0,2020-11-27,True,10.7,1236943,53
1229490,0,0,2022-10-09,True,102.7,1281702,54
578080,0,0,2018-02-21,True,893.0,1333721,55
1248130,0,0,2022-04-23,True,27.2,1537946,56
394360,0,0,2019-07-01,True,224.1,612513,57
602960,0,0,2022-01-05,True,41.9,707077,58
1817190,0,0,2022-12-23,True,39.7,802711,59
381210,0,0,2022-06-14,True,223.4,865215,60
431960,0,0,2021-09-02,True,934.1,1119804,61
275850,0,0,2022-11-25,True,93.0,1129729,62
1222670,0,0,2021-02-25,True,47.4,1164570,63
1361210,0,0,2022-11-30,True,57.8,1220781,64
252490,0,0,2022-01-03,False,53.4,1385755,65
1850570,0,0,2022-12-12,True,1.1,1478617,66
976730,0,0,2021-11-25,False,21.1,1572032,67
1172620,0,0,2021-12-11,True,513.7,1573772,68
1332010,0,0,2022-07-23,True,5.9,343263,69
1250410,0,0,2020-08-18,False,33.5,509862,70
730,2,0,2015-09-24,True,337.8,597851,71
1419170,3,0,2021-07-12,True,6.4,639315,72
1817070,0,0,2022-08-29,True,33.0,673570,73
291550,0,0,2022-10-01,True,48.9,696204,74
376210,0,0,2021-03-01,True,114.2,907226,75
218620,0,0,2020-07-06,True,158.1,923919,76
233860,0,0,2022-10-05,True,776.5,942139,77
1789480,0,0,2022-10-05,True,23.4,1051896,78
291550,0,0,2021-09-30,True,17.9,1128069,79
489830,0,0,2020-11-19,True,259.0,1151926,80
851850,0,0,2020-11-30,True,37.9,1191540,81
1174180,0,0,2021-01-18,True,30.0,1457927,82
236390,0,0,2021-04-29,True,413.1,1582330,83
255710,0,0,2022-01-07,True,8.9,195439,84
107410,0,0,2014-06-26,True,69.1,375463,85
413150,2,0,2019-07-05,True,58.1,458619,86
1172620,0,0,2021-06-29,True,466.8,537394,87
1174180,0,0,2022-02-05,True,178.4,553152,88
620980,0,0,2022-07-24,True,33.0,602958,89
1938090,0,0,2022-11-11,True,124.1,1220222,90
1222140,0,0,2022-09-22,True,12.0,1145621,91
374320,0,0,2016-12-05,True,152.2,1256295,92
346110,0,0,2021-06-11,True,528.7,1270920,93
602960,0,0,2022-11-25,True,95.5,1282340,94
534380,0,0,2022-02-05,True,27.4,1350567,95
107410,0,0,2014-09-28,True,635.4,1448864,96
1250410,0,0,2020-12-09,True,307.2,1520508,97
578080,0,0,2017-11-24,True,44.8,1550107,98
381210,2,0,2021-05-31,False,197.3,1723415,99
1174180,0,0,2022-01-24,True,38.9,1888159,100
1174180,0,0,2020-09-21,True,172.9,1995481,101
1817190,0,0,2022-11-24,True,9.9,2184363,102
438100,0,0,2022-08-04,False,17.0,2299950,103
306130,0,0,2018-06-19,True,168.5,2337808,104
4000,0,0,2022-05-26,True,66.6,2371471,105
105600,0,0,2022-07-14,True,153.8,2574329,106
1943950,0,0,2022-12-21,False,21.0,2580327,107
620980,0,0,2022-01-14,True,60.1,2631057,108
1248130,0,0,2022-08-09,True,35.1,2649116,109
1174180,0,0,2021-11-23,True,298.0,2652757,110
238960,0,0,2021-07-06,True,10.8,2721260,111
438100,2,0,2022-07-25,False,534.8,2761930,112
306130,0,0,2020-10-22,True,623.9,2850130,113
397540,0,0,2021-03-09,True,123.1,2857770,114
1599340,0,0,2022-03-17,True,657.7,2921608,115
613100,0,0,2021-07-10,True,137.3,2944181,116
291550,0,0,2022-04-18,True,124.9,3077023,117
960090,2,0,2021-03-20,True,39.2,3336895,118
238960,9,0,2021-08-20,False,10.1,3524968,119
1085660,0,0,2022-06-25,True,13.2,3541732,120
107410,0,0,2015-07-14,False,119.1,3698921,121
284160,0,0,2022-07-29,True,50.7,3860335,122
730,3,0,2016-08-29,False,895.5,3881651,123
1172470,0,0,2022-07-22,False,55.4,4007611,124
435150,0,0,2020-06-09,True,858.1,4093951,125
582660,0,0,2021-03-19,True,35.1,4104189,126
1091500,2,0,2022-10-30,True,18.1,4173624,127
518790,0,0,2021-03-30,True,83.3,4255884,128
359550,0,0,2016-12-26,True,743.8,4295349,129
105600,2,0,2016-10-09,True,528.3,4296138,130
271590,0,0,2022-10-14,False,3.8,4441026,131
252490,0,0,2022-10-10,True,75.8,4441361,132
431960,0,0,2021-09-28,True,15.9,4563698,133
613100,0,0,2022-11-04,True,112.3,4615566,134
599140,0,0,2020-05-07,True,36.8,4635139,135
252490,0,0,2019-06-27,True,698.9,4751689,136
218620,0,0,2020-04-05,True,58.3,4913566,137
570940,348,39,2021-12-11,False,73.3,4938605,138
397540,0,0,2020-07-18,True,86.3,5027092,139
620980,0,0,2018-11-22,True,161.9,5053030,140
39210,0,0,2021-04-09,True,123.1,5059834,141
236850,2,0,2019-07-01,True,612.5,5251441,142
518790,0,0,2017-09-02,True,16.8,5290262,143
107410,0,0,2020-03-08,True,594.6,5347317,144
570,11,3,2016-12-10,False,380.7,5478500,145
306130,3,0,2017-11-03,False,788.5,5522153,146
271590,0,0,2015-04-14,True,52.1,5556199,147
107410,0,0,2019-06-29,True,898.7,5598855,148
107410,0,0,2019-07-05,True,640.5,5633612,149
1222670,0,0,2021-04-23,True,45.7,5708747,150
1196590,0,0,2022-07-03,True,19.0,5712632,151
620980,0,0,2020-07-09,True,64.7,5771564,152
394360,0,0,2019-06-28,True,705.8,5811556,153
1063730,2,0,2021-10-16,False,219.7,5936944,154
218620,2,0,2016-06-23,True,29.5,6131293,155
368260,0,0,2022-12-13,True,66.4,6331391,156
438100,0,0,2021-12-22,True,955.5,6399289,157
244210,0,0,2022-10-08,True,40.0,6406448,158
1599340,0,0,2022-05-28,True,91.9,6709557,159
1332010,4,3,2022-07-20,True,3.8,6712058,160
620980,0,0,2019-02-27,True,36.4,6765084,161
394360,0,2,2018-01-21,True,643.1,6816282,162
275850,0,0,2021-06-10,True,602.5,6830676,163
359550,0,0,2018-06-15,True,209.3,6844420,164
105600,0,0,2016-04-23,True,698.4,6914209,165
1091500,0,0,2021-01-03,False,61.4,7186552,166
291550,0,0,2021-02-11,True,54.0,7289793,167
1332010,0,0,2022-07-19,True,5.7,7435527,168
570,0,0,2018-03-17,True,251.9,7558374,169
1938090,0,0,2022-11-28,False,17.1,7621070,170
431960,0,0,2021-10-03,True,9.6,7732549,171
261550,0,0,2021-10-25,True,159.1,7771776,172
306130,0,7,2019-12-26,False,491.4,7962014,173
1384160,0,0,2022-09-23,False,3.7,8087142,174
271590,2,0,2017-11-23,True,893.0,8088975,175
814380,4,2,2020-06-28,False,15.0,8209872,176
107410,0,0,2017-12-10,True,21.3,8221727,177
250900,0,0,2018-04-09,True,139.8,8247330,178
292030,5,0,2021-04-07,True,145.9,8270165,179
236850,0,0,2020-02-19,True,514.3,8325468,180
230410,0,0,2018-06-05,True,383.7,8365066,181
1817070,2,0,2022-08-12,True,55.2,8450981,182
534380,2,0,2022-02-20,True,151.1,8492620,183
1091500,0,0,2022-09-28,True,28.6,8500560,184
1599340,0,0,2022-02-19,True,60.1,8694367,185
686810,0,0,2022-11-28,True,255.0,8721541,186
599140,0,0,2021-03-16,True,7.3,8781313,187
250900,0,0,2021-07-21,True,446.9,9005205,188
239030,0,0,2022-01-16,True,8.2,9192291,189
218620,21,0,2015-10-19,False,30.7,9260898,190
304390,0,0,2017-02-25,False,5.0,9265694,191
284160,0,0,2018-11-26,True,76.5,9300282,192
289070,0,0,2020-11-27,True,165.7,9304544,193
703080,0,0,2022-07-10,True,544.8,9403261,194
386360,0,0,2022-01-11,True,118.1,9436533,195
1174180,0,0,2022-05-22,True,96.4,9436800,196
264710,0,0,2022-02-13,True,65.9,9477483,197
271590,0,0,2017-05-27,False,21.9,9478277,198
1172470,0,0,2021-01-15,False,44.0,9553734,199
346110,2,2,2020-12-19,False,134.1,9742378,200
1248130,0,0,2021-11-22,True,138.4,9765457,201
271590,2,0,2020-04-14,True,147.8,9926279,202
304390,4,0,2021-04-25,False,42.5,10178125,203
1426210,0,0,2021-04-17,True,50.3,10202617,204
440900,2,2,2022-04-05,False,32.1,10240736,205
552990,0,0,2022-02-10,True,36.0,10558058,206
493340,0,0,2016-11-17,False,186.5,10624188,207
1938090,0,0,2022-12-22,False,123.2,10717634,208
244850,0,0,2015-02-19,True,540.7,10728909,209
306130,0,0,2020-11-27,True,95.3,10733306,210
1174180,0,0,2022-02-24,True,76.0,10924701,211
1794680,0,0,2022-02-15,True,36.5,11030041,212
1151340,0,0,2021-02-19,True,26.8,11030883,213
703080,0,0,2022-11-16,False,8.1,11106336,214
294100,0,0,2022-12-10,True,176.9,11159320,215
1527950,0,0,2021-12-10,True,117.3,11193325,216
431960,0,0,2019-07-01,True,18.0,11206246,217
1794680,0,0,2022-11-23,True,29.8,11221405,218
730,2,0,2018-01-10,True,708.6,11470597,219
221680,0,0,2022-11-18,True,103.6,11477696,220
216150,0,0,2012-11-25,True,88.5,11527954,221
294100,2,3,2017-06-25,True,45.0,11531957,222
264710,2,0,2018-02-14,True,123.6,11600780,223
255710,0,0,2022-04-06,True,257.9,11621816,224
1361210,18,0,2022-11-30,False,165.5,11668499,225
975370,0,0,2022-12-22,True,24.3,11722481,226
394360,0,0,2022-08-13,True,179.7,11802309,227
1151340,0,0,2020-05-18,True,252.7,11919636,228
1250410,0,0,2020-08-18,True,128.1,11999799,229
244850,0,0,2019-11-21,True,8.2,12234023,230
976730,0,0,2019-12-21,True,167.9,12239411,231
252490,0,0,2021-09-10,True,151.8,12508862,232
1245620,0,0,2022-03-27,True,160.9,12662156,233
1091500,2,0,2020-12-10,True,77.3,12796203,234
236390,0,0,2017-04-17,True,10.5,12999780,235
1091500,0,0,2022-10-13,True,46.3,13020546,236
613100,0,0,2020-01-16,True,14.5,13274447,237
236390,0,0,2016-07-07,True,3.4,13375516,238
1172620,0,0,2021-05-15,True,27.5,13402118,239
292030,0,0,2020-05-13,True,145.2,1318013,240
1919590,0,0,2022-11-29,True,49.7,1408825,241
489830,2,0,2020-11-25,True,307.6,1417631,242
570,2,0,2014-02-13,True,214.6,1477086,243
1172620,0,0,2021-12-30,True,385.7,1523586,244
4000,0,0,2020-11-27,True,322.8,1635338,245
377160,0,0,2021-07-30,True,204.3,1835429,246
570,2,0,2014-08-15,True,597.3,1906645,247
47890,3,0,2014-07-26,True,11.0,2058990,248
730,0,0,2022-11-24,True,22.7,2115664,249
1551360,2,0,2021-12-12,True,30.3,2567343,250
252490,0,0,2022-06-28,True,496.8,2777433,251
394360,0,0,2020-12-27,True,260.8,2929562,252
1419170,0,0,2021-08-13,True,0.4,3175780,253
377160,0,0,2019-04-07,False,422.6,3305419,254
431960,0,0,2022-07-23,True,10.1,3326136,255
582660,0,0,2021-11-13,True,38.8,3435432,256
238960,0,0,2022-06-12,True,74.6,3856089,257
239030,0,0,2022-02-25,True,17.5,3878738,258
1085660,0,0,2020-05-27,True,593.6,3988538,259
632360,0,0,2021-04-15,True,60.8,4108218,260
250900,0,0,2019-12-18,True,530.2,4190955,261
526870,4,0,2022-09-19,False,356.0,4411696,262
289070,0,0,2021-08-14,False,6.1,4647557,263
252490,0,0,2014-01-19,True,535.9,4866106,264
1091500,0,0,2021-01-20,True,25.5,5087759,265
244850,0,0,2021-08-09,True,16.4,5208848,266
346110,7,0,2021-02-28,False,116.9,5463304,267
239030,2,0,2019-01-08,True,34.4,5539228,268
270880,7,0,2017-08-16,True,165.9,5555094,269
250900,0,0,2021-03-28,True,594.3,5664150,270
304390,0,0,2019-11-05,True,140.1,5693562,271
230410,0,0,2015-12-22,True,813.1,5903479,272
346110,0,0,2020-04-11,False,566.3,6051171,273
381210,0,2,2021-06-25,True,860.6,6185115,274
250900,0,0,2019-06-30,True,127.7,6223387,275
261550,0,0,2022-11-02,True,65.1,6239493,276
1172470,0,0,2020-11-27,True,655.9,6396379,277
292030,0,3,2019-06-11,True,297.1,6480404,278
1174180,0,0,2020-11-26,True,64.0,6654062,279
620980,0,0,2021-01-19,True,13.1,6667379,280
289070,2,0,2016-12-24,False,234.6,6800530,281
271590,0,0,2022-11-27,True,553.1,6900699,282
377160,0,0,2018-05-08,True,200.7,6957563,283
440900,0,0,2020-07-01,True,269.9,7024139,284
578080,0,0,2021-07-18,True,696.0,7194466,285
306130,0,0,2020-12-28,True,174.3,7372359,286
815370,0,0,2020-06-25,True,28.4,7439955,287
1151340,0,0,2020-11-25,True,427.8,7652062,288
552990,0,0,2019-02-03,True,484.5,7750044,289
236390,0,0,2022-01-23,False,460.5,7786602,290
291550,0,0,2020-10-30,False,416.4,7822685,291
381210,0,0,2021-08-09,True,831.2,7826984,292
1174180,0,0,2021-07-25,True,0.3,7848193,293
578080,0,0,2018-05-23,True,14.1,7863902,294
1085660,0,0,2019-12-01,True,111.4,7943469,295
1085660,0,0,2021-01-04,True,373.4,8247263,296
1172620,0,0,2022-07-21,True,16.3,8425824,297
376210,0,0,2022-07-03,True,5.8,8436669,298
271590,0,0,2021-12-25,True,101.2,8641982,299
431960,0,0,2022-01-25,True,166.5,8932498,300
1599340,0,0,2022-02-17,True,97.9,8983881,301
552990,0,0,2020-03-14,True,27.4,9028450,302
236390,2,0,2022-12-14,False,88.5,9050120,303
431960,0,0,2021-09-07,True,54.9,9074384,304
438100,0,0,2022-07-29,False,6.3,9479353,305
304390,0,0,2021-02-03,True,265.8,9545809,306
1259420,3,0,2021-12-27,True,45.6,9664092,307
275850,0,0,2019-11-01,True,154.7,9759212,308
431960,0,0,2020-08-07,True,78.0,9933356,309
518790,0,0,2017-11-27,True,6.2,10165143,310
107410,0,0,2017-09-14,True,293.0,10216797,311
261550,0,0,2020-11-25,True,177.6,10230968,312
1361210,0,0,2022-11-24,True,66.7,10466723,313
546560,0,0,2021-12-25,True,20.4,10498267,314
42700,0,0,2011-10-02,True,132.4,10716642,315
975370,3,0,2022-12-07,True,177.0,10786201,316
546560,0,0,2020-03-23,True,8.2,10980635,317
1245620,0,0,2022-03-06,True,133.2,10993252,318
1085660,0,0,2020-02-18,True,414.3,11011689,319
275850,0,0,2019-12-13,True,133.5,11040765,320
275850,0,0,2021-06-22,True,247.2,11098004,321
570,3,0,2013-11-25,True,513.5,11139591,322
578080,2,0,2017-07-27,False,211.5,11208829,323
394360,0,0,2021-02-03,True,163.3,11240205,324
440900,0,0,2019-07-01,True,829.3,11249197,325
236390,0,0,2021-08-29,False,70.5,11294928,326
275850,0,0,2016-08-14,True,149.1,11378836,327
976730,0,0,2020-01-03,True,137.6,11423257,328
275850,0,0,2020-04-17,True,197.4,11931462,329
686810,76,2,2020-02-08,True,35.8,12086981,330
1794680,0,0,2022-10-22,True,126.7,12141609,331
534380,0,0,2022-03-09,True,66.6,12183832,332
292030,0,0,2018-11-21,True,77.2,12343839,333
1151340,0,0,2021-11-05,True,18.8,12451847,334
244210,0,0,2022-01-07,True,183.3,12514140,335
730,2,0,2018-09-03,True,740.8,12578258,336
1091500,0,0,2022-09-07,True,419.5,12625267,337
1938090,0,0,2022-11-11,True,88.8,12847900,338
252490,0,0,2021-10-13,True,780.3,12995788,339
394360,0,0,2022-05-10,True,175.4,13063448,340
284160,0,0,2021-03-30,True,39.5,13122677,341
252490,0,0,2022-05-27,True,622.0,13134540,342
730,0,0,2021-01-04,False,641.2,13252969,343
489830,9,3,2017-10-16,False,126.1,13439844,344
1361210,0,0,2022-11-27,True,45.4,13575568,345
271590,0,0,2019-11-19,True,272.5,13613223,346
304390,0,0,2020-02-26,True,8.0,13622584,347
218620,0,0,2017-06-12,True,33.2,13645833,348
730,0,0,2021-07-12,True,755.6,13729271,349
233860,0,0,2022-01-26,True,28.7,13740396,350
397540,0,0,2020-04-04,False,39.2,13756125,351
1174180,0,0,2021-02-01,True,433.9,8294069,352
1172620,0,0,2022-05-14,True,56.4,13130429,353
648800,0,0,2022-11-05,True,5.0,76914,354
1938090,0,0,2022-12-02,True,302.2,181213,355
1244460,0,0,2021-11-11,True,51.3,225226,356
289070,7,0,2019-02-11,False,1.5,303694,357
255710,0,0,2021-06-18,True,0.4,317799,358
244850,0,0,2022-06-29,True,58.5,360807,359
376210,0,0,2021-01-31,True,73.9,816317,360
1943950,0,0,2022-10-08,True,4.7,831888,361
107410,0,0,2016-06-06,True,492.1,871648,362
377160,0,0,2020-07-06,True,443.7,1007821,363
1172470,0,0,2021-01-09,True,36.1,1146272,364
381210,4,0,2018-01-23,False,134.7,1160147,365
1250410,0,0,2020-08-25,True,391.6,1208409,366
1174180,0,0,2020-01-10,True,279.6,1272795,367
1086940,0,0,2020-10-11,True,122.3,1307033,368
216150,64,3,2017-06-24,True,420.9,1313667,369
107410,0,0,2020-04-14,True,504.9,1346125,370
1332010,0,0,2022-07-19,True,3.4,1441910,371
1203220,0,0,2021-08-17,True,47.4,1543001,372
1174180,0,0,2022-10-10,True,284.3,1558253,373
431960,0,0,2022-06-19,True,8.4,1574028,374
397540,0,0,2021-06-22,True,54.5,1771432,375
275850,0,0,2020-07-17,True,47.5,1899497,376
1144200,0,0,2022-05-30,True,36.6,1993038,377
250900,0,0,2016-11-24,True,666.6,2117553,378
252490,0,0,2022-11-24,True,54.6,2178113,379
438100,0,0,2022-05-27,True,9.8,2285290,380
250900,0,0,2022-02-09,True,579.4,2412069,381
261550,0,0,2021-05-07,True,181.0,2440199,382
1919590,8,0,2022-09-09,False,3.2,2488715,383
703080,0,0,2020-12-20,True,492.0,2518190,384
252490,0,0,2022-02-02,True,238.4,2537103,385
1144200,0,0,2022-02-03,True,19.3,2763682,386
1196590,0,0,2022-10-16,True,16.4,2794408,387
518790,2,0,2019-08-02,True,18.4,2884483,388
570,12,3,2021-03-31,True,103.7,2917624,389
635260,0,0,2022-07-07,False,0.1,2926531,390
304390,0,0,2020-11-09,False,493.3,2968763,391
394360,0,0,2018-05-25,True,744.4,2986986,392
1174180,0,0,2022-01-05,True,23.7,3163095,393
730,2,0,2019-07-04,True,837.8,3216393,394
374320,0,0,2021-03-21,True,77.9,3239355,395
244210,0,0,2021-11-29,True,85.7,3355039,396
1203220,0,0,2022-04-13,True,566.7,3366896,397
218620,244,5,2015-10-15,False,16.4,3445240,398
105600,0,0,2021-11-08,True,790.7,3501719,399
252490,0,0,2022-08-26,False,296.7,3737079,400
570,0,0,2022-02-25,True,218.5,3856018,401
306130,0,0,2018-12-07,True,217.5,4226274,402
250900,4,4,2018-09-01,False,247.0,4492936,403
1599340,0,0,2022-03-08,True,202.5,4593702,404
546560,2,0,2020-11-13,True,11.9,4666438,405
1222140,0,0,2022-09-10,True,21.1,4704224,406
435150,0,0,2020-01-08,True,185.7,4734651,407
292030,5,0,2015-06-30,False,20.7,4819318,408
599140,0,0,2020-04-15,True,36.1,4830071,409
250900,0,0,2021-12-06,True,756.5,4926005,410
270880,0,0,2016-02-14,True,21.0,5000940,411
107410,2,0,2015-01-10,True,982.1,5076203,412
107410,0,0,2019-11-26,True,53.1,5088731,413
292030,0,0,2017-04-23,True,87.4,5114142,414
227300,2,0,2014-12-21,True,130.9,5160224,415
359550,0,0,2018-05-16,True,101.7,5526148,416
1938090,0,0,2022-12-22,False,192.8,5707487,417
1824220,0,0,2022-12-18,True,27.4,5746550,418
613100,0,0,2018-05-18,False,0.2,5824796,419
238960,0,0,2018-11-23,True,8.5,5914630,420
306130,0,0,2016-11-25,True,69.4,5940744,421
435150,83,0,2017-12-15,True,199.9,6099125,422
1794680,0,0,2022-11-25,True,2.9,6146208,423
489830,6,0,2017-02-17,True,99.2,6190655,424
275850,0,0,2020-10-10,True,13.6,6244089,425
239030,0,0,2016-02-16,True,9.0,6300654,426
620980,0,2,2020-07-31,True,18.5,6397693,427
218620,2,0,2018-04-13,False,0.2,6425294,428
526870,0,0,2020-09-19,True,187.0,6597286,429
230410,0,0,2016-12-03,True,10.2,6726125,430
1250410,0,0,2022-11-23,True,40.5,6726191,431
39210,0,0,2021-08-03,True,169.4,6821360,432
275850,0,0,2016-08-14,True,61.8,6890539,433
686810,2,0,2019-08-06,True,33.6,7100742,434
306130,0,0,2021-11-27,True,41.5,7224592,435
377160,0,0,2017-11-23,True,29.5,7241887,436
394360,0,0,2021-04-19,True,544.0,7246245,437
275850,13,0,2017-10-30,True,17.3,7256121,438
730,3,0,2016-05-21,True,81.9,7336673,439
509980,0,0,2020-02-29,True,20.8,7339672,440
289070,0,0,2022-01-24,True,48.0,7345546,441
266410,0,0,2015-10-30,True,157.0,7374968,442
534380,0,0,2022-02-07,True,28.5,7408411,443
570,2,0,2015-12-22,True,408.7,7528608,444
304390,2,0,2019-04-25,True,271.1,7640088,445
1174180,0,0,2020-03-25,True,65.4,7705292,446
218620,0,0,2020-04-02,True,46.4,7750229,447
1174180,0,0,2021-11-06,True,42.1,7866014,448
270880,0,0,2022-07-30,True,4.4,7880024,449
377160,0,0,2021-02-20,False,154.9,8165115,450
1245620,0,0,2022-03-03,True,133.8,8236000,451
1174180,7,0,2020-09-26,True,5.3,8394463,452
620980,0,0,2022-06-09,True,220.6,8501140,453
107410,0,0,2013-12-20,True,158.4,8624064,454
1938090,0,0,2022-12-04,False,150.0,8626055,455
632360,0,0,2021-04-01,True,207.4,8634260,456
730,3,0,2019-01-06,True,712.9,8680827,457
261550,0,0,2022-11-26,True,4.8,8783223,458
1158310,0,0,2020-09-19,True,89.1,8948884,459
381210,2,0,2018-09-24,True,679.3,9016790,460
397540,0,0,2020-07-09,True,92.0,9033689,461
1426210,0,0,2021-12-22,True,14.6,9040077,462
686810,0,0,2021-11-23,True,56.9,9283676,463
435150,0,0,2019-06-30,True,230.9,9377839,464
236390,0,0,2021-02-08,True,37.5,9706821,465
546560,0,0,2022-07-19,True,18.7,9749463,466
311210,0,0,2015-11-06,False,1.2,9764922,467
291550,0,0,2020-12-26,True,14.4,10106686,468
236390,0,0,2018-09-12,True,975.7,10216905,469
289070,0,0,2021-06-27,False,332.0,10319050,470
218620,6,0,2015-10-17,False,7.4,10342603,471
236390,12,0,2020-12-21,False,162.6,10385308,472
105600,0,0,2021-07-13,True,194.2,10443611,473
570,3,0,2014-06-22,True,445.1,10504414,474
1290000,0,0,2021-11-27,True,25.3,10593704,475
730,0,0,2020-05-24,True,929.0,10612473,476
304390,5,0,2020-08-06,False,5.1,10614967,477
291550,0,0,2021-12-11,False,912.3,10657173,478
251570,2,0,2017-04-01,True,571.0,10930773,479
250900,0,0,2022-05-19,True,472.8,13447028,480
440900,0,0,2021-04-19,True,193.2,13455771,481
552500,0,0,2020-08-01,True,895.3,13465655,482
304390,0,0,2021-06-25,True,114.5,13598296,483
239030,0,0,2015-11-19,True,68.8,13618113,484
1091500,3,0,2020-12-12,False,46.6,13622150,485
613100,0,0,2020-09-19,True,208.3,13688809,486
1174180,0,0,2022-12-26,True,169.6,13742341,487
244850,0,0,2020-01-09,True,849.3,8189266,488
105600,0,0,2019-05-12,True,669.6,13493749,489
346110,0,0,2015-08-27,True,308.1,83860,490
108600,392,165,2022-07-18,True,300.2,135656,491
107410,0,0,2014-06-25,True,269.3,176539,492
236390,0,0,2019-12-22,True,36.3,395830,493
582660,0,0,2021-07-06,False,137.7,574164,494
250900,0,0,2018-09-16,True,175.4,625002,495
1144200,0,0,2021-12-27,True,14.3,700737,496
440900,0,0,2019-12-27,True,8.5,781284,497
275850,0,0,2021-11-02,True,9.5,865815,498
976730,0,0,2020-03-29,True,29.7,917632,499
230410,1494,1253,2015-12-04,True,109.3,1016635,500
1938090,0,0,2022-11-22,False,17.5,1029721,501
108600,0,0,2022-09-10,True,337.1,1048237,502
730,2,0,2020-04-15,True,712.4,1413379,503
1599340,0,0,2022-03-15,True,364.0,1453433,504
1174180,0,0,2022-09-14,True,17.0,1667316,505
397540,0,0,2021-01-14,False,162.0,1746836,506
22380,0,0,2021-04-12,True,222.5,1868500,507
1172620,0,0,2021-05-28,True,57.7,1908878,508
620980,0,0,2021-05-28,True,41.6,2080827,509
311210,0,0,2021-08-03,True,104.3,2231274,510
39210,0,0,2021-07-10,True,5.8,2255976,511
620980,0,0,2021-03-15,True,72.3,2366582,512
275850,0,0,2020-04-02,True,43.7,2449708,513
1419170,0,0,2022-12-12,True,3.1,2687659,514
304390,0,0,2021-03-14,False,5.6,2792283,515
238960,0,0,2015-06-01,True,437.5,2831152,516
1286680,0,0,2022-07-23,True,29.7,2866486,517
582010,0,0,2022-07-24,True,138.0,2877649,518
1290000,0,0,2021-09-16,True,22.7,3074728,519
275850,0,3,2020-02-17,True,13.4,3078710,520
976730,0,0,2020-06-18,True,15.2,3123487,521
594650,0,0,2022-10-14,True,183.8,3193328,522
1250410,0,0,2022-09-03,True,35.3,3308176,523
311210,2,0,2016-02-26,False,33.8,3376337,524
1172620,0,0,2022-02-15,True,35.7,3520236,525
767560,0,0,2022-12-23,False,32.2,3689786,526
1599340,2,0,2022-06-11,False,648.5,3857713,527
1286830,0,0,2020-10-21,True,116.0,3870686,528
233860,0,0,2021-08-19,True,808.7,3892048,529
1144200,0,2,2021-12-28,True,34.5,4074020,530
814380,0,0,2022-07-25,True,84.7,4159159,531
534380,0,0,2022-02-04,True,61.3,4193381,532
377160,0,0,2019-12-07,False,90.5,4239871,533
526870,0,0,2022-07-08,True,81.2,4253544,534
397540,9,0,2022-06-10,False,72.4,4314237,535
252490,0,0,2015-06-04,False,46.7,4376719,536
238960,0,0,2020-03-02,True,269.5,4395490,537
376210,35,15,2022-08-02,True,388.9,4405200,538
397540,3,0,2022-08-10,True,94.0,4446247,539
1938090,0,0,2022-11-22,True,206.5,4513637,540
1401590,0,0,2022-12-30,True,53.9,4576974,541
4000,0,0,2014-04-20,True,75.5,4624237,542
730,10,0,2015-04-06,True,757.9,4657222,543
381210,0,0,2022-12-28,True,124.3,4732877,544
1096530,0,0,2020-10-20,True,22.9,4817855,545
275850,0,0,2016-08-16,True,47.4,4890242,546
271590,0,0,2019-06-29,True,119.4,4938792,547
107410,2,0,2014-05-16,True,72.1,5057107,548
386360,0,0,2016-10-15,True,108.8,5308571,549
1144200,0,0,2021-12-29,True,83.7,5385298,550
620980,0,0,2020-10-15,True,12.1,5454069,551
359550,0,0,2019-10-30,True,284.7,5545640,552
730,2,0,2017-03-31,True,376.6,5570634,553
495420,0,0,2022-06-21,True,221.2,5624584,554
271590,0,0,2020-03-19,True,67.2,5770769,555
275850,0,0,2021-09-07,True,58.9,5860371,556
275850,0,0,2016-08-13,True,91.8,6010510,557
107410,0,0,2015-01-08,True,833.4,6038324,558
359550,19,0,2018-09-15,True,405.8,6088622,559
582660,0,0,2021-09-06,False,671.8,6207474,560
238960,0,0,2017-11-05,True,35.6,6317924,561
1811260,0,0,2022-10-02,False,298.5,6423718,562
304390,0,0,2021-04-03,False,226.0,6549932,563
1938090,0,0,2022-11-23,True,54.7,6627726,564
431960,0,0,2020-03-01,True,534.7,6628859,565
374320,0,0,2021-06-03,True,44.5,6703323,566
291550,2,0,2019-06-10,False,704.4,6726177,567
431960,0,0,2017-12-04,True,16.0,6874040,568
1938090,0,0,2022-11-07,False,39.5,6915989,569
1151340,0,0,2020-12-04,False,12.0,6920956,570
105600,2,0,2022-10-02,True,396.1,6923898,571
289070,0,0,2021-06-21,True,127.4,6988868,572
244850,0,0,2020-11-15,True,944.0,7015779,573
1245620,5,0,2022-03-02,True,202.7,7047671,574
1086940,0,0,2021-12-06,True,79.2,7143953,575
435150,0,0,2017-11-22,True,120.1,7183479,576
271590,4,0,2018-07-09,True,492.5,7229161,577
815370,0,0,2022-06-29,True,5.6,7308065,578
570,2,0,2021-06-18,True,20.9,7330059,579
275850,2,0,2021-09-11,True,133.2,7637123,580
613100,0,0,2020-06-18,True,14.7,7869495,581
495420,0,0,2021-07-04,True,59.5,8038748,582
244210,0,0,2018-08-08,True,794.5,8058757,583
1174180,0,0,2022-05-18,True,411.6,8142215,584
1250410,3,0,2021-10-11,False,902.7,8304212,585
238960,0,0,2020-07-10,True,243.2,8308967,586
730,0,0,2020-07-03,True,85.4,8389698,587
1144200,0,0,2022-11-22,False,18.1,8409166,588
108600,0,0,2022-12-02,True,516.2,8566481,589
275850,0,0,2021-12-23,True,43.2,8589865,590
602960,0,0,2022-01-25,True,122.0,8615984,591
291550,0,0,2016-09-26,True,31.8,8678959,592
686810,0,0,2022-07-24,True,139.7,8731206,593
1794680,0,0,2022-02-24,True,112.1,9153500,594
218620,0,0,2021-10-31,True,377.5,9454099,595
294100,0,0,2021-09-16,True,424.2,9584498,596
1144200,0,0,2022-01-10,True,13.0,9616818,597
107410,0,0,2020-10-20,True,226.9,10041832,598
251570,0,0,2021-05-10,True,531.3,10124658,599
250900,0,0,2022-06-27,True,111.4,690092,600
270880,0,0,2021-01-21,True,19.3,965086,601
289070,0,0,2020-04-16,True,66.9,1243086,602
534380,0,0,2022-02-19,False,3.9,1255649,603
244850,0,0,2020-04-21,True,163.6,1403115,604
284160,0,0,2022-06-03,True,429.3,1425670,605
312520,0,0,2022-10-04,True,114.3,1530381,606
973230,0,0,2022-11-15,True,11.1,1735138,607
1938090,0,0,2022-11-23,True,135.6,1789926,608
438100,0,0,2022-03-14,True,56.5,2024040,609
291550,0,0,2021-02-25,True,72.4,2317227,610
431960,0,0,2021-11-07,True,64.3,2377179,611
252490,0,0,2021-07-21,True,678.3,2475540,612
244210,0,0,2022-07-09,True,28.3,2561464,613
1817070,2,0,2022-08-15,True,15.7,2677304,614
1286830,0,0,2022-03-29,True,15.3,2698258,615
1361210,0,0,2022-11-26,True,259.0,2919750,616
306130,0,0,2021-09-22,True,28.3,3132994,617
244210,0,0,2022-07-26,True,14.8,3195054,618
1142710,2,0,2022-03-13,False,5.0,3342618,619
730,0,0,2021-07-29,True,233.8,3376865,620
394360,0,0,2022-01-16,True,218.9,3425877,621
236390,0,0,2022-01-27,True,486.3,3539965,622
570,0,0,2021-12-03,True,373.7,3639289,623
107410,0,0,2017-11-25,True,212.3,3701468,624
291550,0,0,2022-03-27,True,0.1,3744390,625
289070,0,0,2022-08-14,True,24.1,3754849,626
1817190,0,0,2022-12-02,False,10.3,3904398,627
271590,2,0,2016-10-16,True,295.0,3945417,628
814380,0,0,2022-07-04,True,128.7,4332329,629
440900,0,0,2019-06-30,True,264.7,5098792,630
493520,0,0,2022-05-21,True,151.1,5107286,631
264710,0,0,2019-06-29,True,24.3,5110716,632
730,3,0,2016-05-20,True,345.4,5115142,633
284160,5,0,2019-11-10,True,23.1,5198948,634
1085660,0,0,2022-05-17,True,208.8,5353338,635
1229490,4,0,2021-04-14,True,13.4,5458751,636
394360,0,0,2019-06-29,True,835.2,5470850,637
306130,0,0,2020-11-29,True,838.7,5555587,638
814380,0,0,2022-05-19,True,20.6,5701771,639
377160,0,0,2022-10-28,True,540.5,5732135,640
440900,0,0,2020-02-22,True,84.0,5771854,641
1938090,0,0,2022-12-17,False,57.8,5845034,642
1172620,0,2,2021-06-12,True,324.0,6011313,643
435150,0,0,2020-06-28,True,275.9,6025530,644
250900,0,0,2021-02-17,True,213.9,6074212,645
1229490,6,2,2022-01-08,True,225.2,6092955,646
431960,0,0,2019-07-01,True,17.3,6148675,647
1245620,2,0,2022-02-24,True,583.2,6195856,648
570,2,0,2017-03-09,False,489.9,6263148,649
1172620,0,0,2022-10-27,True,53.6,6396282,650
236390,0,0,2016-09-19,True,582.0,6413849,651
236390,5,0,2016-06-23,True,377.3,6434353,652
730,2,0,2017-10-30,True,730.2,6463658,653
438100,0,0,2018-01-25,True,2.3,6528580,654
620980,0,0,2020-03-25,True,34.9,6575174,655
1091500,0,0,2020-12-24,True,78.7,6585279,656
1599340,4,0,2022-04-26,False,7.3,6785117,657
1426210,0,0,2022-02-17,True,18.9,6824167,658
252490,0,0,2021-04-23,True,186.6,6824332,659
1290000,0,0,2022-11-23,True,20.6,6868735,660
252490,0,0,2021-10-23,False,201.9,6890977,661
377160,0,0,2019-11-01,True,93.2,6899841,662
495420,0,0,2022-02-06,False,0.8,6950522,663
394360,0,0,2020-03-09,True,365.7,6959679,664
236850,2,0,2015-09-17,True,237.9,7022157,665
394360,0,0,2021-07-16,True,153.4,7385921,666
613100,0,0,2022-12-17,True,9.2,7447190,667
377160,0,0,2022-03-21,False,76.7,7490421,668
381210,3,0,2020-08-11,True,954.3,7549638,669
632360,2,0,2019-12-29,True,85.2,7624073,670
233860,0,0,2021-04-30,True,298.8,7673290,671
613100,0,0,2021-04-25,True,21.8,7753542,672
730,3,0,2018-12-06,False,205.1,7836806,673
1466860,0,0,2021-11-06,True,136.3,7923167,674
1435790,0,0,2021-12-29,True,11.9,7981585,675
271590,0,0,2016-03-11,True,577.1,7996828,676
105600,2,0,2020-08-17,True,195.7,8038179,677
218620,0,2,2017-12-24,True,292.9,8147901,678
386360,0,0,2019-07-01,True,5.5,8173452,679
1325200,0,0,2021-02-14,True,0.9,8184615,680
284160,0,0,2022-07-10,True,455.2,8297918,681
1938090,0,0,2022-12-05,True,93.4,8357444,682
1250410,0,0,2020-08-23,True,285.0,8421036,683
1172470,0,0,2022-02-21,False,100.3,8813925,684
306130,0,0,2018-06-29,True,467.1,8972970,685
1086940,0,0,2020-10-06,True,8.5,9010881,686
252490,0,0,2013-12-25,True,212.2,9035540,687
386360,0,0,2018-07-28,True,57.8,9489849,688
1172470,0,0,2021-01-03,True,98.6,9664329,689
275850,0,0,2021-05-18,True,14.7,9882756,690
105600,5,3,2014-09-28,True,911.8,10001328,691
107410,0,0,2014-01-04,True,142.2,10060443,692
1091500,0,0,2022-10-08,True,101.1,10247595,693
1151340,0,0,2020-04-14,True,145.2,10376353,694
739630,0,0,2021-12-02,True,195.8,10518548,695
39210,0,0,2021-07-14,True,9.0,10585829,696
784080,0,0,2021-10-02,True,538.4,10642615,697
252490,0,0,2019-10-27,False,3.3,10696906,698
394360,0,0,2020-12-26,True,309.4,10720878,699
526870,2,0,2020-07-30,True,9.9,10821062,700
250900,0,0,2015-09-09,True,248.2,10848055,701
304390,0,0,2018-04-07,False,333.5,10924489,702
534380,0,0,2022-02-06,True,16.3,10924489,703
1222670,0,0,2021-04-30,True,197.9,10950553,704
1599340,0,0,2022-03-10,True,65.6,10964885,705
1794680,0,0,2022-09-30,True,75.1,11003255,706
368260,0,0,2022-12-16,True,54.5,11004450,707
252490,0,0,2020-12-29,True,766.0,11104996,708
250900,0,0,2018-11-26,True,24.4,11148180,709
107410,4,0,2018-04-21,True,588.0,11173519,710
489830,0,0,2022-04-26,True,45.0,11183888,711
1794680,0,0,2022-02-19,True,77.3,11233498,712
431960,0,0,2018-11-16,True,28.4,11246415,713
858820,0,0,2021-08-21,False,2.2,11247494,714
239030,2,0,2016-02-12,True,21.8,11364757,715
250900,0,0,2017-11-22,True,457.8,11423953,716
386360,0,0,2022-10-19,True,244.9,11562832,717
534380,0,0,2022-08-10,False,66.4,11646030,718
230410,0,0,2013-12-06,True,277.5,11751415,719
1244460,0,0,2022-01-20,True,77.2,1624239,720
1222670,0,0,2022-03-19,True,20.5,1628889,721
1174180,0,0,2020-12-18,True,244.9,1640100,722
431960,0,0,2021-03-31,True,13.2,1661056,723
359550,0,0,2020-08-29,True,189.6,1812520,724
271590,0,0,2022-10-14,True,29.0,2069124,725
250900,0,0,2022-07-22,True,187.2,2108844,726
284160,0,0,2021-08-29,True,4.8,2149153,727
613100,0,0,2022-04-20,True,39.4,2261223,728
1237320,2,0,2022-11-11,True,22.4,2299064,729
284160,0,0,2021-11-11,True,6.4,2361200,730
374320,0,0,2020-04-29,True,226.1,2473574,731
431960,0,0,2021-12-05,True,7.6,2478385,732
284160,0,0,2021-09-29,True,78.3,2605782,733
431960,0,0,2021-07-31,True,101.3,3152599,734
292030,0,0,2016-02-02,True,182.5,3156060,735
1419170,0,0,2021-08-18,True,21.1,3336417,736
730,0,0,2021-05-13,False,738.2,3697116,737
261550,0,0,2020-06-25,True,196.5,3883103,738
291550,0,0,2022-04-30,True,44.8,3961361,739
252490,2,0,2020-04-13,False,69.4,3961435,740
1245620,0,0,2022-03-09,True,72.5,4012314,741
620980,0,0,2019-07-06,True,39.5,4052796,742
221680,0,0,2020-11-26,True,323.6,4062500,743
1938090,2,2,2022-11-03,True,311.0,4204916,744
289070,0,0,2021-04-13,True,139.7,4379359,745
1174180,0,0,2021-11-02,True,42.7,4382333,746
108600,0,0,2022-10-22,True,39.0,4436323,747
284160,0,0,2022-11-19,True,11.7,4449821,748
1938090,0,0,2022-11-17,True,16.3,4532454,749
238960,2,0,2014-08-04,True,18.4,4541316,750
1174180,0,0,2021-10-31,True,73.5,4580304,751
271590,0,0,2017-06-19,True,250.8,4595331,752
730,0,0,2021-01-09,True,371.3,4861345,753
489830,0,0,2019-12-17,True,760.9,4912653,754
1332010,0,0,2022-07-23,True,17.9,4943521,755
284160,2,0,2019-05-08,False,39.4,5048112,756
377160,0,0,2020-07-02,True,75.2,5140442,757
435150,0,0,2021-03-29,True,828.8,5284265,758
312520,0,2,2022-06-03,True,167.8,5332788,759
1085660,0,0,2020-05-19,True,1.2,5349223,760
1286830,0,0,2020-12-22,True,100.6,5398777,761
252490,0,0,2019-06-30,True,218.5,5725155,762
394360,0,0,2019-12-28,True,796.8,5739840,763
550,3,0,2021-06-17,True,905.0,5783675,764
440900,0,0,2020-05-25,True,37.1,5810367,765
1172470,0,0,2021-12-29,False,1.8,5946179,766
239030,12,0,2019-03-25,True,22.5,6005960,767
250900,0,0,2020-03-27,True,665.0,6064113,768
39210,0,0,2022-11-26,True,37.2,6070204,769
1145360,0,0,2021-11-30,True,81.8,6244893,770
438100,2,0,2022-08-10,False,995.9,6254996,771
632360,0,0,2022-04-01,True,80.2,6270429,772
570,0,0,2022-07-23,True,599.5,6488254,773
1794680,0,0,2022-04-13,True,22.8,6499097,774
1938090,0,0,2022-11-24,True,198.4,6510030,775
916440,0,0,2020-01-03,True,516.6,6534077,776
255710,0,0,2017-07-02,True,26.1,6728992,777
255710,0,0,2020-02-02,True,134.3,6770031,778
438100,0,0,2022-09-24,False,22.7,6794171,779
377160,0,0,2020-03-30,True,14.6,6798239,780
377160,0,0,2020-12-11,True,107.2,6814374,781
244850,0,0,2021-08-29,True,34.9,6869161,782
730,3,0,2020-06-10,True,451.4,6907963,783
546560,0,0,2020-09-28,True,25.9,6952331,784
435150,0,0,2020-01-30,True,237.0,6962626,785
620980,0,0,2018-05-02,True,7.8,7102457,786
1086940,0,0,2020-10-07,True,28.3,7143744,787
294100,0,0,2021-09-25,True,335.5,7154656,788
1599340,0,0,2022-02-13,False,3.2,7358068,789
431960,0,0,2020-04-29,True,153.8,7399584,790
376210,0,0,2021-05-09,True,87.8,7463743,791
252490,0,0,2018-08-09,True,993.6,7888236,792
270880,0,0,2020-11-26,True,619.5,8320082,793
275850,0,0,2021-09-18,True,12.0,8433959,794
292030,2,0,2018-03-11,True,346.5,8461829,795
250900,2,0,2019-09-04,True,34.9,8661699,796
1174180,0,0,2022-05-08,True,140.4,8728105,797
431960,0,0,2019-11-18,True,23.2,8793311,798
438100,2,0,2020-01-27,True,155.9,8848115,799
1544020,18,2,2022-12-02,False,9.1,8918060,800
238960,0,0,2021-12-28,True,1.5,9031659,801
374320,0,0,2020-03-04,True,131.2,9061207,802
976730,7,4,2019-12-04,False,2.0,9073230,803
270880,0,0,2021-04-28,True,102.6,9220766,804
534380,0,0,2022-02-21,True,45.5,9256363,805
364360,2,0,2017-01-13,True,96.5,9393318,806
242760,2,0,2019-11-28,True,28.5,9393730,807
381210,0,0,2017-11-30,True,112.8,9553069,808
394360,0,3,2017-05-07,True,328.5,9606570,809
284160,0,0,2021-09-16,True,64.8,9666786,810
620980,0,0,2020-01-21,True,12.9,9716588,811
1174180,0,0,2020-11-27,False,286.0,9833151,812
1085660,3,2,2019-10-01,True,259.0,9848596,813
1222670,0,0,2022-11-13,True,3.7,10255037,814
1599340,0,0,2022-04-03,False,56.0,10368547,815
271590,0,0,2021-10-16,False,104.7,10374176,816
218620,97,0,2015-10-15,False,48.1,10410263,817
261550,0,0,2021-07-09,True,164.4,10460589,818
107410,0,0,2014-06-20,True,52.4,10655225,819
1942280,15,0,2022-10-22,True,192.2,10707464,820
1313140,0,0,2022-11-22,True,22.4,10824625,821
271590,2,0,2017-06-19,False,70.3,10844895,822
397540,0,0,2022-06-14,False,30.8,11058085,823
440900,0,0,2018-06-05,False,13.5,11089767,824
252490,0,0,2022-05-01,True,238.3,11393301,825
238960,0,0,2015-11-27,True,244.9,11417720,826
546560,0,0,2020-12-25,True,13.2,11435080,827
1599340,2,0,2022-02-11,True,612.9,11572909,828
1817070,0,0,2022-11-22,True,3.9,11577347,829
1144200,0,0,2022-01-29,True,95.6,11608928,830
1113120,0,0,2022-12-07,True,23.9,11612199,831
1332010,0,0,2022-07-23,True,8.4,11626540,832
294100,0,0,2020-12-27,True,39.9,11628432,833
1938090,0,0,2022-11-19,True,9.1,11683100,834
374320,0,0,2021-06-03,True,76.4,11686109,835
1938090,0,0,2022-11-08,True,133.8,11691762,836
275850,0,0,2020-07-31,True,124.2,11717740,837
264710,0,0,2021-08-12,False,5.3,11755057,838
250900,0,0,2020-03-04,True,898.2,11817891,839
1172620,0,0,2021-05-21,True,278.0,1616805,840
1172470,0,0,2021-04-19,True,706.6,1626424,841
359550,0,0,2020-08-24,True,183.6,1693876,842
306130,0,0,2017-05-06,True,422.7,1773135,843
582660,0,0,2017-07-02,True,15.5,1910034,844
230410,2,3,2015-01-24,True,315.3,1965916,845
252490,0,0,2021-03-06,True,555.6,2002112,846
1817070,0,0,2022-11-22,True,61.4,2121838,847
1817070,0,0,2022-11-25,True,12.5,2174699,848
292030,2,0,2018-06-19,True,75.0,2206504,849
1229490,0,0,2022-12-29,True,8.3,2261903,850
1286830,0,0,2021-08-26,True,282.0,2302105,851
1938090,0,0,2022-11-30,False,57.3,2309766,852
815370,0,0,2022-01-21,True,4.0,2416167,853
1435790,0,0,2022-04-17,True,3.3,2423517,854
431960,0,0,2021-01-08,True,43.4,2425382,855
252490,0,0,2021-07-20,True,583.7,2502976,856
218620,2,0,2021-01-08,True,893.7,2921578,857
218620,12,0,2015-10-17,False,464.1,2940188,858
518790,0,0,2019-11-10,True,85.4,3076823,859
570,0,0,2019-12-11,True,319.5,3217091,860
1599340,0,0,2022-02-16,True,415.1,3685884,861
284160,0,0,2022-04-26,True,329.0,3858511,862
238960,0,0,2019-06-29,True,60.3,3937076,863
1086940,0,0,2022-07-12,True,26.5,3967872,864
275850,4,2,2016-08-13,True,84.6,4123258,865
252490,2,0,2015-08-23,True,485.6,4191826,866
413150,2,0,2022-07-05,True,12.2,4353721,867
570,4,0,2013-12-16,True,893.0,4392184,868
1332010,0,0,2022-12-09,True,4.1,4454263,869
1222670,0,0,2022-10-23,True,41.9,4579063,870
377160,0,0,2019-11-02,True,53.9,4713285,871
1091500,0,0,2020-12-29,True,98.1,4942169,872
386360,0,0,2020-05-22,True,239.5,4951929,873
413150,2,0,2019-06-29,True,147.9,5009077,874
1174180,0,0,2021-12-03,False,318.6,5032534,875
730,2,0,2015-05-31,False,374.3,5049825,876
413150,0,0,2017-07-01,True,72.8,5052677,877
1151640,0,0,2022-01-16,True,83.5,5112501,878
291550,0,0,2020-12-30,True,22.6,5322730,879
1284210,0,0,2022-11-26,True,29.2,5331608,880
495420,0,0,2020-10-04,True,338.0,5347045,881
264710,46,3,2017-05-28,True,103.8,5405957,882
377160,0,2,2017-08-31,True,252.2,5489571,883
284160,0,0,2016-01-01,True,44.5,5613940,884
1938090,0,0,2022-11-26,True,232.3,5626042,885
1332010,0,0,2022-07-22,True,5.3,5715535,886
312520,0,0,2020-04-15,True,131.2,5853141,887
238960,0,0,2021-01-24,False,25.5,5859414,888
1384160,0,0,2022-10-15,True,6.0,5883637,889
252490,2,2,2016-06-29,True,70.8,5893087,890
270880,0,0,2020-03-13,True,175.9,6045591,891
578080,2,0,2018-04-04,True,157.8,6087306,892
306130,0,0,2021-07-15,True,25.9,6255513,893
294100,0,0,2021-02-25,True,338.6,6362431,894
1361210,0,0,2022-11-19,True,14.0,6393249,895
359550,0,0,2017-11-23,True,215.2,6472643,896
359550,0,0,2020-09-26,True,246.4,6533147,897
431960,0,0,2019-12-28,True,72.5,6736981,898
1361210,0,0,2022-12-02,True,18.3,6800482,899
377160,0,0,2021-01-25,True,19.2,7021227,900
236850,0,0,2016-11-27,True,945.5,7072302,901
291550,0,0,2020-10-29,False,4.6,7076461,902
359550,2,0,2015-12-15,False,15.2,7117221,903
570,0,0,2018-08-02,True,556.4,7271792,904
252490,0,0,2019-05-25,True,135.3,7281737,905
291550,0,0,2020-05-02,True,17.9,7298946,906
275850,0,0,2022-07-20,True,131.5,7311940,907
377160,0,0,2021-03-07,True,322.9,7337638,908
570,0,0,2016-08-27,True,204.9,7514628,909
381210,0,0,2018-12-25,False,615.2,7642700,910
1144200,0,0,2022-05-11,True,40.3,7898448,911
221680,0,0,2019-11-01,True,184.0,7944654,912
1599340,5,0,2022-03-05,False,139.5,7985901,913
1172620,0,0,2020-12-29,True,20.5,8010084,914
4000,0,0,2020-07-23,True,295.5,8242919,915
493520,0,0,2020-03-31,True,43.3,8368619,916
381210,3,0,2020-01-19,True,526.0,8404701,917
1174180,0,0,2021-12-07,True,73.7,8742752,918
271590,2,0,2020-05-23,True,715.3,8835875,919
489830,2,0,2019-12-22,True,530.3,9105694,920
1196590,0,0,2022-09-02,True,17.8,9148974,921
1817070,0,0,2022-09-11,True,51.4,9169114,922
489830,0,0,2019-11-21,True,278.0,9341311,923
435150,0,0,2019-07-03,True,366.0,9469387,924
493520,0,0,2019-12-11,True,7.1,9531085,925
739630,3,2,2020-11-27,True,129.7,9636936,926
730,0,0,2021-02-20,True,419.5,9672580,927
394360,0,0,2022-12-31,True,117.4,9839120,928
594650,0,0,2020-04-08,True,178.3,10007274,929
252490,0,0,2021-09-11,True,165.8,10042781,930
284160,0,0,2021-02-07,True,61.8,10264361,931
252490,0,0,2021-07-15,True,726.7,10374512,932
1250410,0,0,2022-03-18,True,244.7,10420713,933
1426210,0,0,2022-11-01,True,43.7,10504371,934
1250410,0,0,2020-09-09,True,480.1,10822503,935
431960,0,0,2021-03-27,True,420.4,10827091,936
377160,10,0,2017-09-22,False,93.0,10912670,937
1599340,0,0,2022-02-14,True,656.1,10971715,938
599140,0,0,2018-08-22,True,326.5,11000325,939
1599340,0,0,2022-02-13,True,165.5,11047904,940
435150,0,0,2021-09-14,True,85.6,11078472,941
686810,0,0,2021-04-14,False,9.9,11123494,942
236850,2,0,2017-06-01,True,109.3,11153626,943
438100,0,0,2022-07-28,True,2.9,11203710,944
1599340,0,0,2022-02-17,False,37.0,11252317,945
1384160,0,0,2021-06-25,True,49.8,11275836,946
1245620,0,0,2022-04-04,True,150.1,11308433,947
546560,0,0,2020-04-06,True,17.2,11312543,948
261550,0,0,2020-03-30,True,321.8,11379358,949
1250410,0,0,2020-09-06,True,394.7,11523274,950
814380,0,0,2019-03-22,False,22.9,11574898,951
218620,3,0,2015-11-13,False,115.1,11713705,952
1172620,2,0,2021-02-13,True,343.1,11805739,953
1544020,0,0,2022-12-12,False,0.8,11862451,954
230410,0,0,2014-02-07,True,688.6,11896748,955
397540,0,0,2022-05-22,True,64.5,11898357,956
271590,0,0,2017-04-12,True,507.7,11934963,957
306130,2,0,2020-08-05,True,393.7,12119974,958
1599340,0,0,2022-02-14,False,460.9,12156398,959
438100,0,0,2021-07-29,True,134.8,1612865,960
1938090,0,0,2022-11-15,True,30.4,56338,961
252490,0,0,2021-09-07,True,744.2,120796,962
244210,0,0,2021-10-22,True,280.5,274566,963
440900,2,0,2021-01-11,True,146.0,309236,964
107410,0,0,2020-06-02,True,38.4,1643099,965
858820,0,0,2021-08-01,True,16.6,1769885,966
377160,136,4,2015-11-10,False,159.9,1818416,967
730,0,0,2021-02-25,True,357.8,1866985,968
1172470,0,0,2022-09-25,True,67.8,2152313,969
632360,0,0,2022-02-03,True,637.4,2158440,970
108600,11,16,2014-12-23,True,204.3,2242188,971
1172470,0,0,2022-02-02,True,959.2,2310537,972
236390,0,0,2022-03-26,True,12.2,2563394,973
252490,0,0,2021-07-16,True,32.4,2654231,974
552500,0,0,2022-05-13,True,411.5,2699173,975
105600,0,0,2021-04-28,True,50.2,2789318,976
1286830,0,0,2022-01-31,True,108.7,2790222,977
284160,0,0,2021-04-06,True,181.1,2818968,978
252490,0,0,2021-03-30,True,967.0,2890199,979
271590,0,0,2021-09-21,True,52.1,2952263,980
284160,0,0,2021-08-06,True,40.8,2976866,981
431960,0,0,2021-10-12,True,40.7,2979062,982
1286830,0,0,2021-08-16,True,128.5,3008281,983
431960,0,0,2022-01-22,True,12.0,3052936,984
1172620,0,0,2021-09-07,True,25.6,3052978,985
244850,0,0,2014-05-05,True,23.3,3176187,986
377160,4,0,2017-08-02,False,102.4,3234644,987
239030,0,0,2021-08-28,False,2.9,3375382,988
1811260,0,0,2022-11-04,True,89.9,3381240,989
686810,0,0,2021-08-30,True,111.4,3428803,990
686810,0,0,2022-02-13,True,273.9,3747358,991
1222670,0,0,2022-08-18,True,49.6,3781837,992
1824220,0,0,2022-06-18,True,241.1,3898893,993
306130,0,0,2016-03-25,False,0.3,3911146,994
1332010,0,0,2022-08-06,True,10.3,4211175,995
578080,9,0,2017-11-03,False,334.6,4270003,996
252490,0,0,2022-02-04,True,168.8,4604795,997
632360,0,0,2022-05-21,True,18.3,4781377,998
1794680,0,0,2022-04-22,True,62.3,4885252,999
1172470,0,0,2021-06-02,True,111.5,4925000,1000
252490,0,0,2020-04-16,True,704.9,4993893,1001
292030,0,0,2022-03-12,False,19.7,5086836,1002
107410,0,0,2019-06-30,True,10.6,5110265,1003
239030,0,0,2016-11-24,True,60.8,5192799,1004
289070,2,0,2020-10-20,False,103.7,5196966,1005
620980,0,0,2018-12-23,True,151.2,514342,1006
1091500,0,0,2020-12-12,True,152.2,5235819,1007
275850,0,0,2022-08-20,True,239.5,5403098,1008
230410,0,0,2017-04-13,False,2.4,5411524,1009
1174180,4,2,2021-07-07,True,145.6,540561,1010
1237320,0,0,2022-12-06,True,30.0,5684946,1011
292030,0,0,2020-01-10,True,61.0,5706730,1012
311210,0,0,2021-05-15,True,408.2,5723439,1013
244210,0,0,2021-07-12,True,19.6,734354,1014
489830,0,0,2016-10-28,True,33.4,5727062,1015
218620,0,0,2018-06-13,True,344.0,5845478,1016
1313140,0,0,2022-08-26,True,24.2,5894274,1017
534380,0,0,2022-11-24,True,89.1,5897614,1018
381210,0,0,2018-01-08,True,648.4,5971527,1019
252490,0,0,2018-06-29,True,70.6,6114093,1020
1286830,0,0,2022-03-23,True,171.0,6137310,1021
1938090,0,0,2022-11-27,True,34.2,6269384,1022
312520,4,0,2019-12-29,True,91.6,6324823,1023
275850,5,2,2016-11-29,False,10.8,6335867,1024
1142710,0,0,2022-02-20,True,19.1,6389364,1025
1145360,3,0,2021-04-07,True,30.1,6533954,1026
238960,0,0,2013-11-22,True,321.2,6554430,1027
730,0,0,2020-08-02,True,559.3,6604441,1028
1172620,2,0,2022-04-12,True,64.6,6721993,1029
613100,0,0,2019-06-29,True,19.2,6770275,1030
1938090,0,0,2022-11-17,True,7.3,6783533,1031
250900,0,0,2017-01-10,True,455.5,6791609,1032
250900,0,0,2017-07-04,True,313.7,6858351,1033
1248130,0,0,2021-11-26,True,415.3,6896740,1034
582010,35,82,2021-11-02,True,751.5,6944324,1035
1172470,0,0,2021-08-21,False,996.4,6949546,1036
1203220,0,0,2021-12-27,True,7.2,7292638,1037
1142710,2,0,2022-03-10,False,86.2,7302160,1038
252490,0,0,2015-10-06,False,527.7,7324095,1039
730,0,0,2022-03-17,False,610.7,7330509,1040
108600,2,0,2022-07-29,True,116.2,7351338,1041
1245620,0,0,2022-04-08,True,185.8,7368540,1042
546560,0,0,2020-11-27,True,3.8,7425115,1043
255710,6,0,2020-01-23,False,28.8,7525937,1044
386360,0,0,2019-12-05,True,45.1,7691638,1045
1096530,0,0,2022-04-16,True,78.4,7847195,1046
376210,6,0,2016-11-28,True,459.2,7927141,1047
1245620,0,0,2022-07-26,True,351.7,7961465,1048
238960,4,0,2021-08-19,False,1.2,8011578,1049
1938090,0,0,2022-11-18,True,4.0,8089504,1050
1142710,0,0,2022-02-24,True,99.5,8372207,1051
489830,163,6,2017-10-06,False,401.8,8427979,1052
578080,2,0,2018-03-03,True,369.9,8497927,1053
270880,0,0,2020-06-30,True,200.4,8534402,1054
377160,0,0,2021-11-14,True,665.0,8537071,1055
1172620,0,0,2021-03-21,True,9.9,8549302,1056
359550,0,0,2022-03-08,True,758.4,8598782,1057
1549250,0,0,2022-10-18,True,97.7,8845085,1058
495420,0,0,2021-05-02,True,55.2,8858529,1059
306130,0,0,2020-08-26,True,108.7,8966855,1060
1384160,0,0,2022-04-29,True,49.8,9015848,1061
1245620,2,0,2022-06-20,True,199.2,9124101,1062
39210,0,0,2019-11-23,True,54.3,9157355,1063
1938090,0,0,2022-11-15,False,310.6,9211533,1064
602960,0,0,2021-08-18,True,71.9,9242703,1065
376210,0,0,2020-03-21,True,90.8,9271771,1066
270880,0,0,2020-07-03,False,88.7,9344864,1067
730,0,0,2020-06-19,True,411.2,9602395,1068
1245620,2,0,2022-03-04,False,18.6,9683938,1069
686810,0,0,2022-12-04,False,11.8,9727373,1070
252490,2,0,2017-02-13,True,201.3,9760976,1071
438100,0,0,2022-05-16,False,9.0,9818264,1072
271590,0,0,2022-12-28,False,16.7,10283807,1073
1151640,0,0,2021-05-29,True,9.5,10439371,1074
233860,2,0,2017-06-27,True,361.6,10485570,1075
397540,0,0,2020-11-21,True,114.5,10529916,1076
359550,0,0,2019-11-27,True,535.7,10587611,1077
236390,0,0,2021-02-02,True,308.3,10592521,1078
304390,0,0,2019-06-13,True,1.1,10688375,1079
275850,4,0,2016-08-12,False,1.1,12210691,1080
730,0,0,2021-07-04,True,291.5,12273350,1081
236850,0,0,2022-10-25,True,3.2,12372317,1082
1172470,0,0,2022-01-29,True,185.4,12422291,1083
1401590,0,0,2022-10-20,True,209.7,12712811,1084
431960,0,0,2021-12-20,True,333.5,13005986,1085
394360,0,0,2021-07-27,True,760.6,13080067,1086
1794680,0,0,2022-01-19,True,38.3,13407780,1087
1063730,4,0,2021-09-28,False,285.5,13416688,1088
1091500,0,0,2022-10-02,False,96.4,13471133,1089
1085660,0,0,2020-09-06,True,749.3,10542210,1090
261550,0,0,2020-10-08,False,151.0,11626150,1091
1091500,0,0,2020-12-24,True,105.5,13099143,1092
730,0,0,2021-12-31,True,248.3,13292585,1093
1172620,0,0,2022-01-02,True,47.5,162203,1094
431960,0,0,2020-12-28,True,18.1,171472,1095
578080,2,0,2017-10-27,False,134.9,208336,1096
292030,0,0,2020-04-12,True,119.4,232940,1097
271590,0,0,2022-11-30,True,606.3,348265,1098
261550,0,0,2021-08-16,True,584.0,485233,1099
107410,0,0,2015-10-05,True,665.2,536152,1100
1151340,0,0,2020-05-05,True,592.2,640131,1101
230410,2,3,2017-09-18,True,479.1,749607,1102
1172620,0,0,2021-02-18,True,110.9,792024,1103
1817070,6,0,2022-08-15,False,0.4,864037,1104
1817190,0,0,2022-11-20,True,33.8,866731,1105
39210,0,0,2016-03-30,True,335.9,1084466,1106
275850,0,0,2020-05-16,True,86.0,1197245,1107
1938090,0,0,2022-12-29,True,20.8,1261299,1108
730,0,0,2022-02-02,False,448.8,1355987,1109
270880,0,0,2021-09-24,True,4.6,1516745,1110
730,0,0,2020-05-26,False,119.0,1551920,1111
386360,0,0,2021-08-04,True,0.7,1556757,1112
394360,0,0,2020-07-30,True,277.8,1625198,1113
546560,0,0,2020-03-24,True,5.6,1666003,1114
1172470,0,0,2022-04-11,False,36.4,1818898,1115
1313140,0,0,2022-09-14,True,20.0,1824693,1116
1091500,0,0,2021-09-20,True,47.0,1837123,1117
730,3,0,2015-12-20,True,942.4,1947895,1118
1332010,0,0,2022-08-06,True,8.7,1987605,1119
1938090,0,0,2022-11-25,True,41.8,2042136,1120
1419170,0,0,2022-12-16,True,20.1,2122006,1121
394360,0,0,2021-05-21,True,49.8,2157229,1122
1086940,0,0,2022-04-10,True,36.2,2167945,1123
730,0,0,2020-12-25,True,786.6,2317923,1124
1466860,0,0,2021-12-05,True,133.3,2746700,1125
413150,149,40,2016-07-27,True,202.4,2786026,1126
242760,2,0,2022-03-01,True,41.0,2794849,1127
250900,0,0,2019-06-30,True,232.0,2857274,1128
686810,0,0,2022-02-22,True,101.3,2876891,1129
1151640,0,0,2020-08-26,True,53.4,3006319,1130
1092790,0,0,2021-12-15,True,18.6,3059326,1131
730,3,0,2019-01-21,False,695.7,3116235,1132
526870,0,0,2022-07-21,True,473.2,3149781,1133
105600,0,0,2022-02-22,True,167.7,3433613,1134
1174180,0,0,2022-12-03,True,50.7,3686924,1135
493520,3,0,2022-01-10,False,1.0,3698854,1136
518790,0,0,2022-08-22,True,20.3,3746169,1137
1091500,0,0,2022-09-28,True,81.6,3858655,1138
1462040,0,0,2022-06-21,True,21.3,3904347,1139
1172470,0,0,2021-08-31,True,816.0,4119915,1140
570,2,0,2016-01-19,True,971.4,4165586,1141
620980,0,0,2019-12-19,True,4.4,4250369,1142
261550,2,0,2020-04-24,True,100.7,4291141,1143
255710,0,0,2015-11-23,True,27.1,4392908,1144
264710,0,0,2021-04-15,True,98.8,4396828,1145
1419170,0,0,2022-12-22,True,10.0,4491961,1146
635260,0,0,2022-12-29,True,7.6,4641407,1147
346110,0,0,2019-12-02,True,264.6,4828753,1148
1599340,0,0,2022-02-15,True,234.3,4888082,1149
47890,2,0,2021-05-06,False,14.1,4902723,1150
291550,0,0,2020-04-01,True,808.6,4905411,1151
1244460,6,0,2021-12-17,False,4.1,4913750,1152
252490,0,0,2016-12-20,False,1.5,4971327,1153
275850,0,0,2021-09-18,True,1.5,5048151,1154
271590,0,0,2016-11-23,True,220.6,5171198,1155
413150,4,0,2017-11-15,True,261.5,5177212,1156
294100,0,0,2022-12-02,True,327.2,5244962,1157
377160,4,0,2015-11-11,True,393.7,5435572,1158
1174180,0,0,2020-11-27,True,51.7,5602149,1159
620980,0,0,2021-06-17,True,41.5,5623658,1160
304390,0,0,2020-02-09,True,20.4,5676321,1161
431960,0,0,2019-07-14,True,30.4,5744300,1162
582660,2,0,2018-03-26,True,86.2,5877441,1163
284160,0,0,2020-05-24,True,627.5,5932102,1164
570,0,0,2016-12-18,True,808.3,6609689,1165
397540,0,0,2020-12-30,True,16.6,6656160,1166
255710,0,0,2022-01-10,True,64.2,6753079,1167
284160,0,0,2017-10-08,True,319.9,6753321,1168
252490,0,0,2020-12-17,True,149.1,6777099,1169
570,3,0,2016-06-19,True,907.7,6850015,1170
435150,0,2,2020-04-02,True,81.9,6971395,1171
1284210,0,0,2022-09-04,True,0.4,7006920,1172
294100,0,0,2021-09-27,True,52.6,7308217,1173
431960,0,0,2019-11-26,True,236.4,7500368,1174
284160,0,0,2022-04-30,True,43.1,7633512,1175
275850,0,0,2022-05-05,True,756.3,7649303,1176
230410,0,0,2019-11-30,True,865.4,8041234,1177
739630,2,0,2020-10-08,True,28.9,8204183,1178
1938090,0,0,2022-11-06,False,40.5,8226710,1179
686810,6,0,2020-07-20,True,67.4,8376209,1180
1091500,2,0,2020-12-18,True,46.5,8378868,1181
975370,5,0,2022-12-12,True,388.6,8460981,1182
1817070,2,2,2022-08-31,True,5.6,8558963,1183
1142710,0,0,2022-02-20,True,133.2,8613319,1184
252490,0,0,2019-07-05,True,0.7,8750239,1185
730,0,0,2020-12-07,True,312.7,9103614,1186
1174180,0,0,2021-12-28,True,582.8,9107834,1187
381210,0,0,2020-06-24,True,194.5,9169362,1188
238960,0,0,2020-07-11,True,34.3,9264600,1189
42700,0,0,2022-04-23,True,157.0,9315835,1190
526870,0,0,2021-03-21,True,48.8,9317655,1191
255710,0,0,2022-03-10,False,0.6,9360900,1192
381210,0,0,2019-04-18,False,439.4,9433964,1193
359550,0,0,2019-06-29,True,194.9,9522855,1194
271590,2,0,2021-10-13,True,198.2,9829697,1195
703080,0,0,2021-07-08,True,47.7,9875951,1196
431960,0,0,2019-12-22,True,78.4,9915579,1197
435150,0,0,2019-11-23,True,427.2,9938356,1198
386360,0,0,2022-01-19,False,58.4,10088095,1199
703080,0,0,2022-08-04,True,22.9,10270637,1200
1086940,0,0,2020-10-25,True,61.3,10563460,1201
1174180,6,2,2020-09-24,False,25.3,10637582,1202
221680,0,0,2021-06-18,True,271.8,10686726,1203
252490,0,0,2019-07-27,True,281.2,10733534,1204
294100,0,0,2020-08-20,True,916.8,10749533,1205
238960,25,0,2022-08-10,True,334.0,10821121,1206
973230,0,0,2022-11-29,True,6.9,10970698,1207
1158310,3,0,2020-12-05,True,124.1,11045222,1208
916440,0,0,2022-12-11,True,34.6,11096453,1209
107410,0,0,2014-06-21,True,442.7,11251151,1210
294100,50,21,2019-09-11,True,288.6,11364251,1211
534380,0,0,2022-02-03,True,23.9,11366709,1212
1384160,0,0,2021-11-25,True,31.3,11457481,1213
244850,0,0,2013-11-06,True,3.0,11473080,1214
1794680,0,0,2022-05-29,True,65.3,11666273,1215
284160,0,0,2019-11-01,True,209.4,11932614,1216
438100,2,0,2022-08-01,False,535.8,11940388,1217
359550,3,0,2017-02-06,True,788.7,12182557,1218
107410,2,0,2016-01-02,True,536.4,12207693,1219
271590,3,0,2015-05-10,True,379.3,12477381,1220
252490,0,0,2022-01-09,True,145.5,12482916,1221
374320,0,0,2018-04-20,True,55.6,12520560,1222
686810,2,0,2020-07-23,False,284.6,12533021,1223
304390,0,0,2019-11-24,True,387.7,12625506,1224
1222670,0,0,2022-01-07,True,16.8,12808250,1225
1426210,0,0,2021-03-31,True,13.4,12854278,1226
1938090,0,0,2022-10-28,True,28.1,12951741,1227
1222670,0,0,2021-08-08,True,61.6,12990934,1228
1527950,0,0,2022-06-05,True,44.4,13056211,1229
1222670,0,0,2021-03-29,True,285.6,13448065,1230
632360,0,0,2019-03-30,True,37.2,13479661,1231
270880,0,0,2016-02-03,True,19.6,13501348,1232
620980,0,0,2019-11-07,True,70.2,13516446,1233
394360,0,0,2017-06-16,True,694.7,13712611,1234
376210,0,0,2020-01-05,True,198.8,13755027,1235
1091500,0,0,2020-12-12,True,73.7,11040579,1236
107410,0,0,2022-04-02,True,926.3,12024117,1237
1599340,0,0,2022-02-11,True,180.7,13719794,1238
236850,0,0,2020-12-13,True,840.5,91821,1239
216150,2,0,2019-12-11,True,1.2,129974,1240
377160,0,0,2021-12-29,True,28.1,16894,1241
275850,0,0,2022-08-03,True,35.1,267896,1242
1222670,0,0,2022-06-14,True,32.4,289306,1243
359550,0,0,2020-10-11,True,43.8,478047,1244
291550,0,0,2021-10-22,True,42.6,537112,1245
546560,0,0,2021-12-21,True,24.8,554920,1246
1085660,0,0,2021-08-24,True,826.5,629841,1247
629730,0,0,2022-07-29,True,88.1,718781,1248
22380,2,0,2022-03-22,True,270.6,1172180,1249
1174180,0,0,2022-06-30,True,638.4,317150,1250
306130,0,0,2019-11-12,True,49.5,418427,1251
1222140,0,0,2022-11-21,True,18.6,485316,1252
230410,2,0,2017-11-17,True,269.1,516936,1253
1817070,0,0,2022-10-03,True,44.6,554510,1254
291550,0,0,2020-05-16,True,573.2,963454,1255
270880,0,0,2021-10-21,True,107.7,1035697,1256
394360,0,0,2021-05-25,True,34.0,1223465,1257
42700,0,0,2020-11-27,True,39.0,1230322,1258
1286830,0,0,2021-04-30,True,114.6,1259623,1259
1290000,0,0,2022-02-15,True,200.3,1277238,1260
534380,0,0,2022-02-13,True,111.2,1347002,1261
1919590,0,0,2022-09-12,True,283.3,1525141,1262
236850,0,0,2020-10-30,True,514.7,1621248,1263
1091500,0,0,2020-12-12,True,87.7,1660009,1264
1222670,0,0,2021-11-28,True,48.0,1683998,1265
620980,0,0,2019-07-08,True,23.6,1706406,1266
1174180,0,0,2021-04-16,True,130.1,1752237,1267
1384160,0,0,2021-07-10,True,110.0,1921740,1268
534380,0,0,2022-02-08,True,27.8,2113872,1269
431960,0,0,2021-01-05,True,25.7,2150600,1270
1144200,0,0,2022-01-01,True,60.8,2315154,1271
495420,0,0,2021-05-12,True,260.4,2400561,1272
284160,0,0,2021-11-14,True,72.4,2514324,1273
431960,0,0,2021-09-15,True,80.1,2564612,1274
105600,4,0,2021-08-02,True,82.6,2986380,1275
730,0,0,2022-12-08,True,355.6,3031220,1276
252490,0,0,2022-02-04,True,654.4,3109183,1277
271590,0,0,2015-04-14,True,62.1,3112134,1278
376210,0,0,2022-08-10,True,30.4,3422843,1279
1174180,0,0,2022-10-02,True,84.1,3548851,1280
582660,0,0,2021-04-07,True,988.8,3663819,1281
291550,0,0,2022-11-27,True,5.3,3729367,1282
1466860,0,0,2022-11-24,True,22.2,4151769,1283
1466860,2,0,2021-10-29,False,0.5,4160591,1284
431960,0,0,2021-06-01,True,35.6,4224838,1285
1091500,0,0,2022-09-25,True,28.8,4250129,1286
244850,0,0,2018-11-26,True,855.4,4254366,1287
534380,0,0,2022-11-22,True,34.2,4336221,1288
289070,0,0,2016-11-07,True,255.2,4393491,1289
202970,0,0,2022-12-27,True,8.6,4437572,1290
440900,3,0,2017-02-03,False,0.6,4447503,1291
632360,0,0,2019-11-13,True,578.3,4516069,1292
397540,0,0,2020-08-14,True,87.1,4588454,1293
359550,2,0,2017-11-25,True,94.8,4797438,1294
435150,0,0,2022-08-16,True,108.7,5146613,1295
1142710,0,0,2022-02-18,True,518.9,5302672,1296
1938090,0,0,2022-11-03,True,169.5,5447504,1297
1091500,0,0,2021-12-06,False,25.0,5603745,1298
1240440,4,0,2022-09-10,False,17.8,5632033,1299
284160,0,0,2022-03-20,True,24.8,5822334,1300
284160,0,0,2020-06-29,True,16.9,5856602,1301
244850,0,0,2021-10-08,True,47.7,5978487,1302
377160,0,0,2019-11-30,True,521.6,6004364,1303
250900,0,0,2019-07-03,True,5.4,6014332,1304
493520,0,0,2020-04-04,True,12.9,6082119,1305
620980,2,0,2018-05-15,True,57.0,6120935,1306
304390,0,0,2017-06-24,False,124.4,6294333,1307
242760,28,7,2015-07-09,True,875.0,6335550,1308
311210,0,0,2016-01-23,True,104.0,6420032,1309
275850,0,0,2021-11-24,True,37.8,6571610,1310
1229490,0,0,2022-01-23,True,37.7,6573554,1311
1172470,2,0,2021-07-25,False,719.7,6621233,1312
730,3,0,2015-07-30,True,308.7,6653598,1313
374320,0,0,2021-07-18,True,326.7,6682371,1314
289070,0,0,2021-04-04,True,7.5,6845390,1315
394360,0,0,2019-06-29,True,631.0,6845609,1316
289070,2,0,2021-05-07,True,150.5,6885641,1317
594650,51,45,2018-10-13,True,120.3,6885654,1318
1449850,0,0,2022-10-22,True,116.0,6995565,1319
435150,0,0,2018-09-05,True,221.1,10926197,1320
42700,0,0,2019-12-29,True,7.9,10976588,1321
578080,6,0,2017-08-31,False,790.3,11002988,1322
261550,0,0,2020-04-02,True,594.4,11069272,1323
526870,0,0,2020-09-18,True,38.7,11080677,1324
238960,47,2,2022-08-20,False,735.0,11210342,1325
291550,0,0,2022-04-01,False,701.3,11259075,1326
238960,0,0,2019-11-30,True,235.1,11295650,1327
261550,2,0,2020-04-02,False,3.4,11323770,1328
534380,0,0,2022-02-05,True,69.3,11360337,1329
1144200,0,0,2021-12-19,True,40.6,11389192,1330
1599340,0,0,2022-02-13,True,99.8,11412983,1331
236390,0,0,2016-11-23,True,758.2,11431460,1332
397540,0,0,2020-06-02,True,529.6,11532765,1333
306130,0,0,2021-12-21,True,12.9,11541085,1334
250900,0,0,2014-11-05,True,501.4,11577452,1335
440,7,0,2013-03-02,True,462.8,11602306,1336
976730,0,0,2020-07-24,True,22.4,11604476,1337
814380,2,2,2019-04-26,False,7.4,11635968,1338
730,2,0,2014-12-13,True,286.3,11721809,1339
1203220,0,0,2022-05-12,True,33.7,11780768,1340
635260,0,0,2022-05-08,True,25.9,11843122,1341
284160,0,0,2020-10-24,True,55.5,12058169,1342
582660,0,0,2021-03-15,True,32.1,12128596,1343
252490,2,0,2018-11-05,True,499.2,12265119,1344
107410,3,0,2020-07-27,True,10.8,12289583,1345
975370,0,0,2022-12-07,True,70.1,12438583,1346
613100,0,0,2020-08-21,True,24.6,12481422,1347
438100,0,0,2022-05-23,True,350.3,12674895,1348
1248130,0,0,2021-12-15,True,88.6,12681669,1349
578080,0,0,2019-08-12,False,977.8,12976900,1350
289070,0,0,2020-08-29,True,46.4,13142900,1351
284160,0,0,2022-08-15,True,660.3,13166194,1352
377160,0,0,2020-04-22,True,34.2,13217725,1353
582660,0,0,2021-04-06,False,2.2,13226297,1354
108600,0,0,2022-07-03,True,61.0,13292662,1355
1938090,0,0,2022-10-31,True,68.8,13465621,1356
1222670,0,0,2020-09-13,True,46.8,13490011,1357
289070,0,0,2018-10-01,True,380.4,13525292,1358
1599340,0,0,2022-02-11,True,36.3,13566187,1359
1172470,0,0,2022-09-29,True,8.5,13608768,1360
230410,3,0,2017-10-12,True,599.7,5688363,1361
620980,0,0,2020-05-27,True,97.4,7163728,1362
252490,2,0,2014-08-24,False,56.5,9816208,1363
1245620,4,0,2022-09-11,True,60.4,11164557,1364
438100,24,0,2022-07-25,False,936.0,11959963,1365
784080,0,0,2022-03-05,True,164.6,13296317,1366
292030,2,0,2020-12-21,False,18.4,83711,1367
275850,6,0,2016-09-18,False,13.5,133767,1368
386360,0,0,2022-06-24,False,5.4,294168,1369
1997040,0,0,2022-11-07,False,11.3,362591,1370
635260,0,0,2022-03-31,True,40.7,375445,1371
1384160,0,0,2021-07-04,True,79.1,498575,1372
346110,8,7,2017-06-18,True,223.4,12319,1373
275850,0,0,2022-11-14,True,143.1,112934,1374
1172620,0,0,2020-07-22,True,72.1,129538,1375
346110,0,3,2019-07-01,True,844.5,217121,1376
291550,0,0,2022-03-15,False,3.4,445107,1377
289070,0,0,2019-12-29,True,789.4,677809,1378
1466860,0,0,2022-06-20,True,7.0,1036457,1379
730,0,0,2021-05-16,True,53.7,1257898,1380
359550,0,0,2017-05-21,True,11.2,1259056,1381
1817070,0,0,2022-08-14,True,36.1,1305088,1382
1172620,2,0,2020-10-18,True,24.3,1347904,1383
526870,0,0,2020-06-17,True,171.0,1490753,1384
108600,0,0,2022-08-26,True,91.3,1550139,1385
1096530,0,0,2021-09-07,True,264.5,1601162,1386
582010,7,0,2020-06-30,True,914.4,1664318,1387
218620,0,0,2018-11-24,True,355.7,1805264,1388
1172620,0,0,2021-07-08,True,22.1,1819406,1389
108600,0,0,2022-05-10,True,76.3,1896877,1390
107410,0,0,2021-02-02,True,148.0,1966144,1391
767560,0,0,2022-10-30,True,102.8,2424333,1392
252490,0,0,2022-10-07,True,82.4,2496707,1393
438100,0,0,2021-11-01,True,324.3,2669843,1394
271590,0,0,2022-10-29,True,147.6,2744812,1395
1384160,0,0,2022-04-25,True,22.5,2908992,1396
255710,0,0,2021-04-05,True,34.9,2992661,1397
570,0,0,2019-07-01,True,541.3,3055181,1398
289070,0,0,2021-12-17,True,10.8,3057689,1399
431960,0,0,2022-08-24,True,28.7,3063878,1400
284160,0,0,2020-07-31,True,134.1,3149313,1401
1824220,2,0,2022-12-24,True,72.7,3222203,1402
275850,0,0,2022-08-16,True,141.0,3401207,1403
1151340,0,0,2022-12-28,False,2.1,3404603,1404
264710,0,0,2022-06-29,True,34.5,3538241,1405
526870,0,0,2022-04-12,True,10.1,3741969,1406
218620,0,0,2020-02-27,True,45.9,3780633,1407
1190000,0,0,2022-06-08,True,122.4,3793415,1408
244850,0,0,2020-12-17,True,338.2,4017099,1409
526870,0,0,2022-12-25,False,4.2,4071777,1410
394360,0,0,2019-09-21,True,172.6,4124290,1411
289070,0,0,2022-05-19,False,203.5,4212541,1412
271590,0,0,2022-12-12,True,915.6,4551201,1413
107410,0,0,2017-12-29,True,333.0,4782602,1414
1174180,0,0,2022-05-19,True,121.6,4998838,1415
489830,0,0,2020-10-04,True,235.3,5035609,1416
252490,0,0,2022-06-16,True,41.7,5337584,1417
108600,0,0,2022-11-23,True,505.8,5369857,1418
250900,0,0,2015-06-06,True,0.8,5564337,1419
394360,0,0,2019-06-30,True,97.2,5722727,1420
1151340,0,0,2021-11-05,True,305.5,5731931,1421
306130,0,0,2020-04-12,True,146.2,5870309,1422
1172620,0,0,2022-09-19,True,20.9,5908488,1423
261550,0,0,2022-11-25,True,7.1,5988214,1424
264710,0,0,2017-06-15,True,62.0,6045695,1425
252490,2,0,2016-11-25,True,487.6,6049553,1426
311210,0,0,2015-11-06,True,106.8,6074780,1427
1248130,0,0,2021-11-27,True,107.2,6190821,1428
381210,0,0,2019-11-09,True,179.4,6246188,1429
814380,0,0,2020-01-01,True,404.2,6358133,1430
271590,3,0,2018-09-06,False,147.9,6380401,1431
294100,0,0,2021-08-17,True,245.1,6626681,1432
42700,0,0,2020-11-06,True,26.4,6705263,1433
440900,0,0,2018-05-29,True,36.9,6737779,1434
359550,0,0,2019-12-02,True,28.8,6879875,1435
1290000,0,0,2022-01-21,True,15.0,6888529,1436
1151340,0,0,2020-05-04,True,198.1,6927116,1437
1824220,0,2,2022-06-14,True,19.5,6985941,1438
1222140,0,0,2020-12-26,True,12.8,6991937,1439
238960,0,0,2022-08-23,False,388.3,11830652,1440
1172470,0,0,2020-11-25,True,706.8,11866091,1441
1599340,0,0,2022-03-26,True,888.0,11934397,1442
359550,4,0,2018-10-14,True,48.1,11996894,1443
275850,0,0,2016-11-25,True,92.7,12085911,1444
438100,2,0,2020-11-18,True,1.1,12388761,1445
394360,0,0,2021-09-27,True,229.3,12696507,1446
1086940,0,0,2020-10-09,False,20.4,12930763,1447
1092790,0,0,2022-12-03,True,38.5,12942105,1448
578080,3,0,2018-12-25,False,109.4,13027565,1449
1419170,0,0,2021-03-31,True,1.1,13107909,1450
1174180,0,0,2021-12-09,True,213.5,13148257,1451
1172620,0,0,2020-06-17,True,506.2,13419376,1452
39210,0,0,2020-12-07,True,814.4,13534862,1453
294100,0,0,2022-04-23,True,170.1,13721094,1454
1091500,4,0,2021-02-12,False,59.6,2167592,1455
1172620,0,0,2021-10-03,True,67.3,2570838,1456
289070,4,0,2018-11-28,False,38.4,11588537,1457
252490,0,0,2021-01-02,True,203.2,12538451,1458
289070,0,0,2020-11-26,True,220.3,13073597,1459
1938090,0,0,2022-11-20,False,313.9,104659,1460
582660,0,0,2020-05-28,True,34.4,144880,1461
252490,0,0,2019-10-31,True,91.3,245306,1462
1248130,0,0,2021-11-28,True,142.9,279555,1463
413150,2,0,2020-12-30,True,69.0,422052,1464
252490,0,0,2021-10-07,True,633.4,565314,1465
1943950,0,0,2022-08-12,True,5.3,597483,1466
346110,0,0,2022-06-12,True,153.9,682331,1467
306130,0,0,2021-12-31,False,5.6,720676,1468
1904540,0,0,2022-10-22,True,193.1,770803,1469
730,3,0,2016-03-12,True,77.4,1151376,1470
284160,0,0,2020-05-09,True,322.1,1180815,1471
1938090,0,0,2022-11-21,False,8.1,1442899,1472
632360,0,0,2020-06-27,True,274.6,1443216,1473
250900,0,0,2021-04-14,True,445.0,1452713,1474
1142710,0,0,2022-12-05,True,119.3,1506744,1475
108600,3,0,2013-11-14,True,57.2,1536195,1476
438100,3,0,2021-09-16,True,172.2,1640604,1477
1190000,0,0,2022-09-13,True,132.7,1692413,1478
284160,0,0,2021-06-16,True,238.5,2025533,1479
294100,0,0,2020-11-11,True,486.3,2146720,1480
730,0,0,2020-10-21,True,446.7,2214650,1481
271590,0,0,2022-12-25,True,183.3,2289875,1482
1938090,0,0,2022-10-28,True,37.4,2367967,1483
602960,0,0,2022-05-06,True,125.1,2412790,1484
1794680,0,0,2022-11-28,True,57.3,2549132,1485
1144200,0,0,2022-01-25,True,181.2,2601440,1486
730,0,0,2021-06-04,True,414.3,2644470,1487
686810,2,2,2021-09-16,False,6.5,2858617,1488
1142710,0,0,2022-09-03,True,259.1,2957990,1489
244850,0,0,2017-11-22,True,296.0,3074277,1490
1172470,3,0,2022-03-13,False,615.3,3118016,1491
275850,0,0,2016-08-12,False,2.7,3126351,1492
1332010,0,0,2022-07-30,True,7.5,3251406,1493
252490,0,0,2022-04-07,True,650.6,3328704,1494
739630,3,0,2020-11-04,True,118.7,3434106,1495
250900,0,0,2015-06-22,True,282.9,3436381,1496
1203220,0,0,2021-08-19,True,65.7,3664860,1497
264710,2,0,2020-10-25,True,6.0,3701587,1498
1222670,0,0,2022-09-18,True,118.8,3708164,1499
238960,0,0,2014-01-21,True,462.7,3791189,1500
359550,2,0,2017-09-06,False,48.4,3820812,1501
1144200,0,0,2022-09-03,True,458.7,3943131,1502
814380,0,0,2020-02-24,True,63.1,3983980,1503
244850,0,0,2015-02-08,True,27.6,4037716,1504
394360,2,0,2019-12-23,True,933.4,4103256,1505
386360,0,0,2020-10-05,True,590.8,4137835,1506
39210,0,0,2016-11-23,True,928.5,4161074,1507
1091500,0,0,2022-11-13,True,113.9,4170621,1508
271590,0,0,2022-07-01,True,54.9,4348761,1509
304390,0,0,2017-02-15,True,374.7,4413746,1510
1766740,0,0,2022-12-09,True,6.9,4457408,1511
526870,0,0,2020-09-21,True,190.9,4641255,1512
359550,0,0,2022-12-27,True,38.4,4690304,1513
289070,0,0,2020-07-06,True,7.1,4864027,1514
976730,0,0,2020-05-15,True,16.7,4865301,1515
1145360,2,0,2022-12-28,True,24.8,4908821,1516
1085660,0,0,2019-11-06,True,472.8,5089821,1517
238960,0,0,2014-03-20,True,471.7,5217356,1518
255710,0,0,2022-12-25,True,88.2,5267834,1519
22380,2,0,2018-01-24,True,23.8,5284037,1520
435150,2,0,2018-01-14,True,123.1,5495701,1521
1092790,0,0,2021-10-21,True,60.4,5617460,1522
582660,0,0,2020-09-03,True,406.1,5655697,1523
236850,0,2,2016-04-22,False,426.6,5685327,1524
218620,128,357,2016-08-24,True,140.5,5935091,1525
526870,0,0,2021-01-14,True,419.7,5947419,1526
250900,0,0,2020-03-21,True,354.3,6071497,1527
814380,3,0,2021-09-03,True,192.4,6084907,1528
42700,0,0,2022-04-25,True,979.6,6307878,1529
244850,0,0,2019-03-04,True,112.2,6390057,1530
1599340,0,0,2022-03-10,True,209.1,6480236,1531
233860,0,0,2020-05-05,True,117.3,6583593,1532
648800,2,0,2019-01-24,True,26.7,6789287,1533
250900,0,0,2018-12-24,True,17.0,7002930,1534
1462040,3,0,2022-06-17,True,39.3,7190526,1535
1250410,0,0,2021-05-06,False,51.7,7339007,1536
275850,0,0,2019-06-15,True,42.9,7348875,1537
1938090,0,0,2022-11-22,True,20.2,7376590,1538
39210,0,0,2021-02-14,True,163.0,7413193,1539
493340,24,0,2017-11-22,True,22.3,7421792,1540
289070,0,0,2021-02-01,True,128.6,7461105,1541
4000,2,0,2015-12-25,True,18.9,7473437,1542
284160,0,0,2016-09-26,True,466.5,7492496,1543
431960,0,0,2021-05-03,True,59.8,7541027,1544
202970,0,0,2018-06-16,False,2.5,7740483,1545
252490,0,0,2021-01-06,True,279.6,7750288,1546
1599340,0,0,2022-02-14,True,49.6,7781486,1547
238960,0,0,2017-01-18,True,696.3,7873918,1548
1091500,0,0,2020-12-10,True,91.6,7877506,1549
264710,0,0,2018-03-06,True,33.9,7882361,1550
1794680,0,0,2022-12-25,True,175.6,7993952,1551
1092790,0,0,2022-02-14,True,18.7,8163213,1552
1142710,0,0,2022-08-29,True,103.9,8284473,1553
252490,0,0,2019-06-24,True,715.7,8394808,1554
1332010,0,0,2022-11-22,True,4.2,8396501,1555
1426210,0,0,2022-09-04,True,14.0,8563330,1556
1789480,0,0,2022-10-15,True,20.2,8602908,1557
42700,0,0,2021-05-14,True,120.8,8790837,1558
678950,0,0,2018-08-02,True,28.7,8864268,1559
311210,0,0,2016-07-05,True,13.8,7023918,1560
1151340,0,0,2020-11-25,True,648.5,7104467,1561
1599340,0,0,2022-02-27,True,116.9,7311866,1562
431960,0,0,2021-02-18,True,7.9,7337837,1563
686810,2,0,2021-12-07,False,202.2,7390962,1564
252490,2,0,2018-08-23,False,387.4,7537434,1565
1426210,0,0,2021-03-31,True,11.4,7558732,1566
730,2,0,2015-01-07,True,167.4,7652266,1567
107410,0,0,2018-09-19,False,4.7,7661277,1568
534380,0,0,2022-02-13,True,92.0,7929812,1569
1361210,3,0,2022-11-26,False,0.4,8029821,1570
281990,119,129,2020-08-27,True,236.0,8258439,1571
359550,0,0,2021-07-10,True,576.6,8388851,1572
252490,0,0,2017-12-21,True,141.3,8395346,1573
239030,0,0,2014-07-01,True,5.0,8502115,1574
251570,2,0,2021-01-03,True,245.0,8624618,1575
1997040,0,0,2022-11-02,True,2.1,8686498,1576
394360,0,0,2017-06-28,True,546.1,8913408,1577
703080,0,0,2021-01-07,True,23.7,8931408,1578
1142710,0,0,2022-02-17,True,203.7,9052316,1579
1240440,7,0,2021-11-27,True,0.4,9071554,1580
1174180,0,0,2021-09-14,True,32.1,9080758,1581
975370,0,0,2022-12-07,True,30.8,9083821,1582
489830,0,0,2018-11-10,True,54.2,9220419,1583
275850,0,0,2022-05-03,False,119.9,9407002,1584
1938090,0,0,2022-11-26,False,163.0,9496630,1585
311210,0,0,2022-01-28,True,150.2,9545860,1586
252490,0,0,2019-11-12,False,9.0,9645516,1587
252490,0,0,2021-12-05,True,166.1,9688467,1588
397540,0,0,2020-08-01,True,82.6,9785499,1589
377160,0,0,2022-03-23,True,120.7,10026508,1590
377160,0,0,2020-06-08,True,148.6,10158002,1591
1240440,2,0,2021-11-17,True,49.9,10245614,1592
289070,0,0,2020-06-25,True,821.7,10299672,1593
1172620,0,0,2020-09-24,True,12.4,10331982,1594
359550,0,0,2019-11-08,True,292.9,10511230,1595
394360,0,0,2019-12-17,True,186.9,10589017,1596
397540,0,0,2020-11-27,True,171.0,10633297,1597
291550,0,0,2021-12-18,True,44.5,10660337,1598
271590,2,0,2022-11-06,False,1.7,10755615,1599
261550,0,0,2020-12-10,True,160.0,10824386,1600
397540,0,0,2020-11-30,False,33.3,10906416,1601
107410,0,0,2015-05-18,True,209.9,10933191,1602
546560,0,0,2020-07-08,True,27.4,11033543,1603
1599340,0,0,2022-02-15,False,514.5,11118267,1604
620980,0,0,2018-06-22,True,9.7,11158454,1605
1599340,2,0,2021-06-13,True,169.8,11214511,1606
294100,0,0,2021-02-22,True,938.6,11280614,1607
275850,0,0,2016-08-17,False,19.9,11359801,1608
236850,0,0,2020-01-20,True,805.0,11372820,1609
377160,4,0,2015-11-18,True,71.2,11410461,1610
238960,0,0,2019-12-23,True,63.1,11441346,1611
107410,0,0,2018-11-21,True,498.8,11489251,1612
238960,0,0,2019-11-30,True,84.9,11599429,1613
1313140,0,0,2022-09-10,True,20.6,11645168,1614
534380,4,0,2022-02-09,False,1.9,11658447,1615
275850,2,0,2017-08-21,True,15.7,11882039,1616
238960,2,0,2014-07-19,True,25.2,12047834,1617
1151340,9,0,2020-04-18,False,0.5,12063248,1618
1184370,8,0,2021-11-18,False,325.5,12195049,1619
291550,0,0,2020-08-21,True,66.5,12673860,1620
1466860,0,0,2021-10-29,True,417.9,12712488,1621
1172620,2,0,2021-02-16,True,203.5,12739307,1622
1811260,0,0,2022-11-12,False,0.3,12774202,1623
292030,6,4,2015-09-30,False,218.6,12983231,1624
1817190,0,0,2022-12-26,True,16.1,13026760,1625
275850,4,0,2019-08-15,False,17.9,13179088,1626
236390,0,0,2022-04-03,True,24.6,13275072,1627
489830,0,0,2021-08-23,True,248.4,13291724,1628
306130,0,0,2018-10-18,False,36.3,13408952,1629
250900,2,0,2021-09-18,False,632.8,13525501,1630
381210,187,12,2016-06-16,True,77.8,13665905,1631
306130,0,0,2020-11-28,True,791.9,13726455,1632
851850,0,0,2021-02-12,False,32.0,13727477,1633
289070,0,0,2022-04-17,True,28.5,5569442,1634
518790,0,0,2017-09-29,True,510.0,7508869,1635
648800,3,0,2020-07-01,True,32.1,9227013,1636
289070,0,0,2020-04-13,True,230.6,11614115,1637
250900,0,0,2020-10-23,True,313.2,11721041,1638
546560,0,0,2020-06-19,True,30.6,18477,1639
221100,388,95,2016-06-01,False,302.9,27748,1640
431960,0,0,2020-05-03,True,3.0,72510,1641
1172620,0,0,2021-06-28,True,21.5,117254,1642
271590,0,0,2020-03-25,True,113.7,180461,1643
284160,0,0,2020-07-27,True,32.8,181649,1644
291550,0,0,2022-01-09,True,18.7,266898,1645
1172470,0,0,2022-01-11,False,4.1,348559,1646
635260,0,0,2021-06-13,True,403.2,468788,1647
431960,0,0,2020-06-25,True,77.5,598673,1648
570,0,0,2020-12-24,True,879.8,623491,1649
275850,0,0,2021-12-06,True,155.5,667380,1650
1245620,0,0,2022-03-08,True,151.7,715234,1651
238960,0,0,2020-11-26,True,321.8,1334583,1652
252490,0,0,2022-11-22,True,905.7,1466420,1653
493520,2,0,2021-12-18,True,36.2,1593208,1654
1172620,0,0,2020-06-29,True,226.7,1618581,1655
1599340,0,0,2022-03-03,True,166.3,1703588,1656
377160,0,0,2018-06-02,True,92.8,1712146,1657
1332010,0,0,2022-07-31,True,11.8,1714255,1658
289070,0,0,2022-05-07,False,308.7,1931114,1659
1172620,0,0,2022-03-11,True,116.3,1992933,1660
252490,0,0,2022-06-11,True,537.1,2036792,1661
377160,0,0,2022-11-20,True,194.3,2133982,1662
602960,0,0,2021-07-28,True,100.7,2206639,1663
1824220,0,0,2022-07-03,True,31.7,2239057,1664
686810,0,0,2022-11-11,True,214.8,2290768,1665
438100,0,0,2021-09-05,True,77.7,2340870,1666
1174180,0,0,2020-11-26,True,80.9,2358430,1667
238960,0,0,2017-12-24,True,523.5,2378229,1668
1599340,0,0,2022-02-17,True,91.8,2556057,1669
218620,0,0,2014-01-18,True,615.1,2606845,1670
376210,0,0,2021-06-20,True,36.3,2702651,1671
252490,0,0,2021-12-21,True,208.2,2790994,1672
1248130,0,0,2022-02-14,True,218.7,2909551,1673
1172620,0,0,2021-05-22,False,60.6,3071930,1674
233860,0,0,2019-03-16,True,156.1,3097476,1675
1172620,0,0,2022-06-18,True,62.9,3204156,1676
570,3,0,2015-10-04,True,628.4,3600225,1677
851850,38,21,2022-08-15,True,51.0,3866358,1678
1091500,0,0,2020-12-10,True,104.2,4085625,1679
255710,0,0,2022-06-05,True,557.2,7111110,1680
1286830,2,0,2021-02-02,True,82.3,7125793,1681
1332010,0,0,2022-11-27,True,3.2,7132598,1682
377160,0,0,2017-06-25,True,761.9,7137701,1683
244850,0,0,2014-07-26,True,408.0,7143234,1684
435150,0,0,2022-01-01,True,298.4,7222565,1685
255710,0,0,2018-01-03,True,341.4,7461553,1686
275850,0,0,2016-08-18,True,118.5,7471957,1687
620980,0,0,2022-11-15,True,218.3,7534050,1688
377160,0,0,2022-02-01,True,86.9,7566762,1689
291550,0,0,2019-07-02,True,896.9,8012980,1690
739630,4,0,2020-10-26,True,56.9,8258793,1691
1091500,0,0,2020-12-10,True,94.8,8327019,1692
252490,0,0,2019-06-25,True,368.9,8855294,1693
289070,0,0,2021-04-10,True,96.2,9525546,1694
304390,0,0,2020-04-22,True,156.2,9668940,1695
271590,0,2,2021-11-24,True,676.2,9748419,1696
620980,0,0,2021-09-17,True,85.3,9763260,1697
1332010,2,0,2022-08-15,True,1.4,9912842,1698
238960,0,0,2018-11-22,True,303.8,10019460,1699
570,0,0,2019-09-23,True,254.6,10243070,1700
1151640,5,0,2021-10-22,False,23.8,10454572,1701
292030,4,0,2016-10-29,True,509.2,10457239,1702
438100,0,0,2021-06-24,True,182.9,166775,1703
1222670,0,0,2022-11-25,True,11.2,10463457,1704
1174180,0,0,2021-07-05,True,879.7,10489621,1705
250900,0,0,2019-11-22,True,262.4,10697114,1706
435150,0,0,2022-12-17,True,148.9,10768056,1707
1174180,0,0,2020-01-04,True,61.2,10832163,1708
271590,0,0,2021-08-06,True,182.5,10834258,1709
1245620,0,0,2022-02-25,True,600.5,10908161,1710
105600,0,0,2021-02-16,True,158.8,10970838,1711
271590,4,0,2017-06-18,False,36.9,11055586,1712
1599340,0,0,2022-03-24,False,0.1,11124777,1713
289070,0,0,2020-09-16,False,562.2,11148713,1714
1086940,0,0,2020-10-14,True,107.7,11152024,1715
1237320,0,0,2022-11-14,True,31.1,11174045,1716
377160,0,0,2016-06-02,True,192.9,174271,1717
108600,2,0,2014-06-20,True,30.6,11191584,1718
1142710,0,0,2022-02-20,False,2.6,11227038,1719
730,0,0,2021-10-31,True,537.5,174951,1720
346110,2,0,2015-07-23,True,329.8,11286229,1721
346110,0,0,2019-12-16,True,536.8,11437658,1722
1091500,0,0,2022-09-15,True,322.3,314728,1723
289070,0,0,2021-02-17,True,157.8,11543548,1724
1938090,0,0,2022-11-22,False,121.4,11620435,1725
271590,0,0,2019-10-31,True,297.0,351466,1726
39210,0,0,2020-04-06,True,619.9,11716912,1727
292030,0,0,2020-09-16,True,328.6,11783721,1728
1172470,0,0,2021-08-16,True,15.7,381412,1729
534380,0,0,2022-09-03,True,39.6,11792650,1730
238960,0,0,2016-04-21,True,36.2,11970845,1731
270880,0,0,2019-12-21,True,141.0,686575,1732
438100,2,0,2022-08-16,False,56.1,12252547,1733
252490,0,0,2016-04-16,False,99.0,808812,1734
730,3,0,2018-06-09,True,160.3,12297554,1735
250900,0,0,2019-12-01,True,140.0,12317480,1736
291550,0,0,2022-06-04,True,282.9,873575,1737
394360,0,0,2022-04-09,False,657.8,12319342,1738
526870,0,0,2022-06-18,True,788.3,997371,1739
550,0,0,2022-01-23,True,6.6,12550845,1740
1419170,0,0,2022-12-18,True,95.9,12568249,1741
252490,0,0,2018-07-17,True,106.9,12572682,1742
1250410,0,0,2020-10-17,True,95.0,1152085,1743
108600,0,0,2022-10-06,True,27.7,12678579,1744
252490,0,0,2022-03-29,True,513.9,1319397,1745
1144200,0,0,2022-12-28,True,26.3,12707676,1746
107410,0,0,2022-02-22,True,198.1,1404805,1747
270880,0,0,2022-11-20,True,57.6,12722191,1748
252490,0,0,2021-07-07,True,103.9,1417897,1749
264710,0,0,2018-01-26,True,87.6,12858805,1750
438100,0,0,2022-01-10,True,4.3,1570102,1751
367520,0,0,2022-07-06,True,58.0,12869234,1752
108600,30,2,2021-06-15,True,276.6,12965975,1753
489830,0,0,2018-11-08,True,478.3,12971404,1754
1938090,0,0,2022-11-25,True,217.4,12991524,1755
438100,3,0,2022-07-26,False,138.2,13001814,1756
431960,0,0,2020-06-23,True,28.5,13116253,1757
244850,0,0,2019-07-02,True,135.8,13220285,1758
1151340,0,0,2020-04-25,True,80.5,13242989,1759
306130,0,0,2022-04-21,True,7.7,13281242,1760
1172470,0,0,2021-02-06,True,51.4,13300947,1761
271590,4,0,2018-03-30,False,196.8,13307634,1762
1144200,0,12,2021-12-27,False,1.0,13313217,1763
306130,0,0,2020-07-05,True,556.5,13378789,1764
368260,0,0,2022-12-03,True,53.2,13464339,1765
292030,0,0,2021-10-24,True,58.3,13573279,1766
1462040,0,0,2022-06-20,True,39.4,13601387,1767
306130,0,2,2019-06-24,False,5.3,13621642,1768
291550,0,0,2022-01-04,False,262.4,13708460,1769
526870,0,0,2022-06-15,True,47.3,13729433,1770
632360,0,0,2021-05-04,True,103.9,7163649,1771
730,3,0,2017-05-07,True,161.1,7943662,1772
431960,2,0,2018-12-31,True,14.4,9243432,1773
1174180,0,0,2021-12-12,True,73.9,10126613,1774
440900,0,0,2020-06-28,True,125.8,13586174,1775
255710,0,0,2022-03-20,True,385.2,75535,1776
703080,0,0,2021-10-06,True,25.6,1589250,1777
431960,0,0,2021-04-02,True,11.6,1675173,1778
1222670,0,0,2021-11-07,True,374.2,1746248,1779
431960,2,0,2022-08-20,True,52.6,1915966,1780
252490,0,0,2022-07-30,True,912.6,1931106,1781
271590,0,0,2017-07-23,True,112.7,1959717,1782
620980,0,0,2021-01-22,True,8.6,2089416,1783
730,0,0,2021-01-07,True,462.9,2142415,1784
252490,0,0,2021-08-31,True,840.9,2250559,1785
359550,0,0,2021-04-24,True,272.0,2306077,1786
1172470,0,0,2022-08-10,True,12.0,2412207,1787
431960,0,0,2020-12-02,True,9.6,2462297,1788
386360,3,0,2017-12-18,True,85.5,2512713,1789
322330,45,22,2022-06-05,True,14.4,2533084,1790
960090,2,0,2021-07-07,True,33.6,2550470,1791
108600,0,0,2022-07-30,True,66.3,2553814,1792
252490,0,0,2021-01-16,True,36.0,2583220,1793
730,2,2,2018-04-15,False,727.9,2687916,1794
292030,3,0,2020-09-25,True,226.0,2786477,1795
613100,0,0,2021-03-05,True,49.2,2809821,1796
377160,0,0,2015-11-14,True,62.7,2828344,1797
1313140,0,0,2022-08-15,True,25.6,2882255,1798
236390,2,0,2014-11-27,True,46.5,877167,1799
244850,0,0,2021-07-24,True,0.8,895372,1800
252490,0,0,2022-08-21,True,225.9,985924,1801
534380,0,0,2022-02-05,True,36.3,1079397,1802
218620,5,0,2015-10-19,False,210.8,1148979,1803
261550,0,0,2020-12-13,True,335.7,1578820,1804
1091500,3,0,2021-12-22,False,22.4,1662154,1805
976730,0,0,2022-01-24,True,32.6,1692442,1806
435150,0,0,2021-12-03,True,281.7,1821914,1807
244850,0,0,2016-06-22,False,333.9,1958991,1808
105600,0,0,2020-09-04,True,56.0,2008314,1809
289070,0,0,2022-11-06,True,24.0,2043565,1810
244210,0,0,2021-02-14,True,132.1,2062764,1811
1174180,0,0,2022-11-22,True,42.6,2112362,1812
1174180,0,0,2022-11-15,True,241.8,2177700,1813
291550,0,0,2022-11-02,True,20.3,2271007,1814
394360,0,0,2021-05-24,True,283.0,2389308,1815
107410,0,0,2014-12-23,True,260.0,2402487,1816
1313140,0,0,2022-08-21,True,20.0,2536573,1817
394360,0,0,2018-11-23,True,966.0,2539037,1818
367520,0,0,2021-10-29,True,81.9,2582436,1819
1465360,0,0,2022-08-13,True,89.1,2594338,1820
271590,0,0,2022-12-30,True,36.7,2654975,1821
1599340,0,0,2022-02-23,True,227.1,2662038,1822
1222140,0,0,2020-06-27,True,37.1,2935002,1823
105600,0,0,2020-12-02,True,928.3,2935402,1824
270880,0,0,2019-07-01,True,3.4,2939692,1825
255710,0,0,2022-12-12,True,82.5,3015368,1826
312520,0,0,2021-08-04,True,27.0,3036558,1827
552990,0,0,2022-03-21,True,840.4,3072814,1828
311210,0,0,2021-12-30,True,91.9,3078226,1829
1245620,0,0,2022-03-04,True,474.9,3090005,1830
1091500,0,0,2022-11-01,True,145.6,3108993,1831
394360,0,0,2018-03-09,True,326.9,3127751,1832
284160,0,0,2021-08-17,True,350.9,3194927,1833
686810,0,0,2022-01-08,True,11.2,3244199,1834
250900,0,0,2020-03-10,True,143.6,3247313,1835
431960,0,0,2021-12-24,True,26.9,3450086,1836
730,0,0,2022-04-08,True,123.5,3577209,1837
438100,7,0,2022-08-10,False,44.6,3608431,1838
105600,0,0,2022-06-13,True,123.9,3640816,1839
1817070,0,0,2022-08-12,True,57.8,3725334,1840
236390,0,0,2019-11-08,True,33.7,3799454,1841
635260,0,0,2022-01-29,True,14.9,3826959,1842
244850,0,0,2016-05-12,True,168.3,4171507,1843
284160,0,0,2022-08-14,True,230.9,4301006,1844
550,0,0,2011-07-11,True,29.6,4436222,1845
250900,0,0,2014-12-18,True,349.7,4532837,1846
1817070,0,0,2022-08-25,True,55.5,4610023,1847
250900,0,0,2014-11-06,True,872.6,4736090,1848
570,0,0,2016-12-28,True,113.3,4870649,1849
602960,0,0,2020-11-27,True,182.8,4905314,1850
431960,0,0,2021-10-09,True,31.1,5041876,1851
976730,0,0,2020-11-29,True,11.6,5347636,1852
1174180,0,0,2019-12-07,False,218.2,5361927,1853
632360,2,0,2020-08-11,True,256.5,5365310,1854
107410,0,0,2020-03-03,True,689.3,5371586,1855
1824220,0,0,2022-11-24,True,41.1,5478219,1856
252490,0,0,2016-04-15,False,217.8,5569147,1857
271590,0,0,2015-04-16,False,42.8,5600992,1858
1172620,0,0,2022-06-29,True,35.1,5743635,1859
252490,0,0,2016-11-14,True,297.4,5747483,1860
413150,2,0,2022-09-04,True,130.6,5787773,1861
304390,0,0,2021-01-06,False,32.9,5788191,1862
371970,0,0,2019-12-18,True,167.9,40089,1863
107410,0,0,2021-01-06,True,88.8,5873320,1864
1426210,0,0,2021-11-25,True,8.0,5889902,1865
236390,10,0,2019-10-05,False,172.8,5952677,1866
582660,0,0,2019-11-05,True,741.1,6152528,1867
1091500,4,0,2021-05-31,False,63.7,6204024,1868
1142710,2,0,2022-09-07,False,772.6,6241847,1869
570,0,0,2017-04-23,True,285.4,6378135,1870
39210,0,0,2020-05-07,True,57.3,6415826,1871
304390,0,0,2021-10-28,True,22.5,6421400,1872
1361210,0,0,2022-12-04,True,36.0,6591067,1873
570,0,0,2018-07-24,True,598.9,6671555,1874
518790,0,0,2021-12-07,True,267.7,100287,1875
244850,0,0,2017-01-09,True,152.1,6684038,1876
578080,3,0,2018-01-06,False,646.4,6721976,1877
271590,0,0,2017-06-18,False,324.4,6837148,1878
413150,2,0,2017-02-06,True,225.5,6849600,1879
1599340,0,0,2022-02-15,True,197.5,6949651,1880
1172620,0,0,2022-01-08,False,81.9,6957378,1881
244850,0,0,2022-08-22,True,793.6,6976877,1882
289070,3,0,2017-05-19,False,88.2,7100142,1883
304390,0,0,2017-04-16,False,148.7,7175444,1884
1144200,0,0,2021-12-26,True,43.2,7181599,1885
4000,0,0,2020-06-16,True,231.9,7282878,1886
1172620,0,2,2022-08-01,True,10.2,7413387,1887
394360,0,0,2019-11-02,True,524.7,7432413,1888
218620,0,0,2019-06-28,True,108.0,7569558,1889
238960,0,0,2016-03-08,False,0.1,7580166,1890
275850,0,0,2021-11-24,True,166.2,7593587,1891
306130,0,0,2021-10-22,True,143.7,7650326,1892
238960,0,0,2020-07-02,True,626.6,7691716,1893
620980,0,0,2020-08-16,True,42.3,7733065,1894
275850,0,0,2020-07-27,True,8.6,7841178,1895
431960,0,0,2022-08-21,True,6.2,7934981,1896
252490,0,0,2022-12-09,True,143.8,7989165,1897
22380,0,0,2019-06-25,True,517.2,8130787,1898
1174180,0,0,2021-02-05,True,154.2,8187746,1899
1144200,0,0,2022-04-30,True,17.9,8262466,1900
4000,60,7,2020-02-20,True,574.8,8385370,1901
105600,2,0,2020-12-29,True,163.0,8558701,1902
271590,0,0,2017-06-22,False,49.0,8655966,1903
435150,2,0,2017-09-15,True,311.0,8740157,1904
1240440,0,0,2022-09-07,False,11.8,8823540,1905
1174180,0,0,2020-12-01,True,84.7,8939326,1906
1938090,0,0,2022-11-20,True,25.6,9148097,1907
851850,2,0,2020-02-10,False,33.4,9199869,1908
250900,0,0,2021-06-22,True,134.6,9240172,1909
635260,0,0,2022-10-15,True,5.1,9354417,1910
582010,3,0,2018-11-22,True,582.8,9378092,1911
1286830,0,0,2021-12-14,True,266.3,9440537,1912
435150,0,0,2022-02-19,True,119.8,9449522,1913
377160,0,0,2021-05-02,True,84.6,9557798,1914
730,11,2,2020-07-03,True,121.8,9834803,1915
1222670,0,0,2022-09-13,True,158.7,9985447,1916
377160,0,0,2019-12-29,True,142.4,10424154,1917
230410,0,0,2018-06-20,True,112.0,10511348,1918
1313140,0,0,2022-08-13,True,10.0,11103423,1919
582010,6,0,2020-07-19,True,332.8,11220228,1920
784080,0,0,2021-10-19,True,361.1,11229212,1921
377160,3,0,2017-08-31,False,680.5,11237275,1922
686810,0,0,2022-04-07,True,29.8,11238031,1923
1245620,2,0,2022-03-19,True,187.5,11330759,1924
534380,0,0,2022-02-07,False,78.5,11367054,1925
1599340,4,0,2022-03-11,False,1.6,11422953,1926
1361210,0,0,2022-11-28,True,90.2,11430677,1927
275850,0,0,2021-09-28,True,323.0,11489474,1928
620980,0,0,2021-12-27,True,82.2,11665975,1929
1361210,0,0,2022-11-22,True,16.2,11716535,1930
218620,6,0,2015-10-18,False,211.1,11734192,1931
236390,0,0,2015-02-22,True,26.2,11737818,1932
1237320,0,0,2022-11-30,True,33.1,11913949,1933
1583230,3,0,2022-12-15,False,15.0,11974825,1934
275850,0,0,2020-04-07,True,403.9,12015838,1935
1332010,0,0,2022-07-23,True,4.7,12026178,1936
230410,0,0,2013-12-15,True,120.4,12170845,1937
570,0,0,2021-01-29,True,485.7,12181809,1938
1174180,0,0,2020-01-07,True,60.1,12365789,1939
2064650,2,0,2022-11-11,True,417.9,12380272,1940
250900,0,0,2022-05-14,True,410.2,12706640,1941
22380,0,0,2020-03-19,True,290.5,12918021,1942
236850,0,0,2022-11-27,False,354.0,13123759,1943
107410,0,0,2020-02-14,True,399.7,13165561,1944
238960,0,0,2020-03-12,True,240.2,13291079,1945
1938090,0,0,2022-11-23,True,95.2,13294086,1946
261550,0,0,2022-01-04,True,174.7,13329251,1947
815370,0,0,2022-02-28,True,18.3,13396645,1948
289070,4,0,2017-07-16,False,282.6,13406711,1949
1196590,0,0,2022-11-22,True,268.0,13429045,1950
221100,2,0,2015-09-04,False,19.9,13462734,1951
244850,0,0,2014-02-25,True,62.2,13467293,1952
105600,0,0,2022-08-09,True,101.2,13548747,1953
534380,2,0,2022-02-09,True,58.3,13571569,1954
289070,0,0,2022-01-23,True,278.4,13599392,1955
394360,0,0,2021-05-20,True,387.3,9904594,1956
1184370,0,0,2021-10-05,True,279.8,10888923,1957
271590,0,0,2019-11-12,True,340.7,211434,1958
1245620,0,0,2022-03-05,True,190.7,398260,1959
377160,0,0,2020-05-13,False,105.6,410066,1960
613100,0,0,2021-04-10,True,16.9,546224,1961
1332010,0,0,2022-07-26,True,11.5,601923,1962
4000,0,0,2022-05-20,True,45.1,696814,1963
291550,0,0,2020-08-26,True,14.1,823203,1964
381210,0,0,2020-03-06,True,156.9,971855,1965
1086940,0,0,2022-03-01,True,89.6,1081682,1966
289070,6,0,2021-04-10,False,20.7,1152857,1967
227300,3,0,2020-06-26,True,65.0,1160621,1968
1196590,0,0,2021-05-16,True,15.6,1246784,1969
435150,0,0,2019-12-20,True,149.6,1438629,1970
252490,0,0,2020-07-11,True,703.3,1607941,1971
1286830,0,0,2021-02-18,True,631.6,1910324,1972
1817070,0,0,2022-08-12,True,16.0,1939049,1973
730,0,0,2020-08-13,True,333.1,1960786,1974
252490,0,0,2022-04-27,True,212.8,1998974,1975
1222670,0,0,2022-06-26,True,189.0,2225906,1976
291550,5,0,2016-01-10,True,959.5,2235019,1977
1599340,0,0,2022-02-12,False,25.1,2249720,1978
394360,0,0,2021-01-30,True,657.8,2383194,1979
431960,0,0,2022-04-14,True,127.2,2586707,1980
108600,0,0,2022-10-07,True,32.4,2594770,1981
546560,0,0,2021-11-10,True,384.8,2710934,1982
1286830,0,0,2022-02-23,False,0.3,3129135,1983
39210,0,0,2020-03-26,True,227.1,3202801,1984
291550,0,0,2018-11-22,True,14.1,3235257,1985
39210,0,0,2021-10-01,True,23.1,3524513,1986
1286830,0,0,2022-10-18,True,45.4,3544055,1987
306130,0,0,2018-06-17,True,334.3,3623498,1988
105600,0,0,2022-03-14,True,53.2,3629652,1989
686810,0,0,2022-12-16,True,16.6,3666038,1990
493340,0,0,2021-12-25,True,23.8,3740282,1991
1290000,0,0,2022-03-03,True,39.7,3773520,1992
1938090,0,0,2022-12-29,False,68.6,3777057,1993
284160,0,0,2018-07-02,True,206.1,3908501,1994
1794680,0,0,2022-11-24,True,0.7,4026338,1995
1091500,3,0,2021-03-02,False,28.0,4143122,1996
374320,0,0,2016-05-04,True,8.4,4150601,1997
394360,0,0,2018-11-30,True,518.8,4283483,1998
438100,0,0,2022-07-26,True,132.9,4293859,1999
